-- phpMyAdmin SQL Dump
-- version 4.5.4.1deb2ubuntu2
-- http://www.phpmyadmin.net
--
-- Хост: localhost
-- Время создания: Фев 12 2017 г., 02:06
-- Версия сервера: 5.7.17-0ubuntu0.16.04.1
-- Версия PHP: 7.0.8-0ubuntu0.16.04.3

SET SQL_MODE = "NO_AUTO_VALUE_ON_ZERO";
SET time_zone = "+00:00";


/*!40101 SET @OLD_CHARACTER_SET_CLIENT=@@CHARACTER_SET_CLIENT */;
/*!40101 SET @OLD_CHARACTER_SET_RESULTS=@@CHARACTER_SET_RESULTS */;
/*!40101 SET @OLD_COLLATION_CONNECTION=@@COLLATION_CONNECTION */;
/*!40101 SET NAMES utf8mb4 */;

--
-- База данных: `comprate`
--

-- --------------------------------------------------------

--
-- Структура таблицы `atrribute`
--

CREATE TABLE `atrribute` (
  `id` int(11) NOT NULL,
  `name` varchar(255) COLLATE utf8_unicode_ci NOT NULL,
  `code` varchar(255) COLLATE utf8_unicode_ci NOT NULL,
  `min_value` int(11) DEFAULT NULL,
  `max_value` int(11) DEFAULT NULL
) ENGINE=InnoDB DEFAULT CHARSET=utf8 COLLATE=utf8_unicode_ci;

--
-- Дамп данных таблицы `atrribute`
--

INSERT INTO `atrribute` (`id`, `name`, `code`, `min_value`, `max_value`) VALUES
(1, 'Линейка процессоров', 'cpu_line', NULL, NULL),
(2, 'Сокет', 'cpu_socket', NULL, NULL),
(3, 'Ядро', 'cpu_core', 1, 22),
(4, 'Частота процессора, МГц', 'cpu_frequency', 900, 4700),
(5, 'Объем кэша L1, Кб', 'cpu_l1_cache', 8, 128),
(6, 'Объем кэша L2, Кб', 'cpu_l2_cache', 128, 16384),
(7, 'Объем кэша L3, Кб', 'cpu_l3_cache', 0, 56320),
(8, 'Интегрированное графическое ядро', 'cpu_graphic_integrate', NULL, NULL),
(9, 'Поддержка Virtualization Technology', 'cpu_virtualization_technology_support', NULL, NULL);

-- --------------------------------------------------------

--
-- Структура таблицы `attribute_types`
--

CREATE TABLE `attribute_types` (
  `attribute_id` int(11) NOT NULL,
  `product_type_id` int(11) NOT NULL
) ENGINE=InnoDB DEFAULT CHARSET=utf8 COLLATE=utf8_unicode_ci;

--
-- Дамп данных таблицы `attribute_types`
--

INSERT INTO `attribute_types` (`attribute_id`, `product_type_id`) VALUES
(1, 1),
(2, 1),
(2, 2),
(3, 1),
(4, 1),
(6, 1),
(7, 1),
(8, 1),
(9, 1);

-- --------------------------------------------------------

--
-- Структура таблицы `attribute_value`
--

CREATE TABLE `attribute_value` (
  `id` int(11) NOT NULL,
  `attribute_id` int(11) DEFAULT NULL,
  `value` varchar(255) COLLATE utf8_unicode_ci NOT NULL
) ENGINE=InnoDB DEFAULT CHARSET=utf8 COLLATE=utf8_unicode_ci;

--
-- Дамп данных таблицы `attribute_value`
--

INSERT INTO `attribute_value` (`id`, `attribute_id`, `value`) VALUES
(1, 1, 'AMD A10'),
(2, 1, 'AMD A4'),
(3, 1, 'AMD A6'),
(4, 1, 'AMD A8'),
(5, 1, 'AMD Athlon'),
(6, 1, 'AMD Athlon 64'),
(7, 1, 'AMD Athlon 64 FX'),
(8, 1, 'AMD Athlon 64 Mobile'),
(9, 1, 'AMD Athlon 64 X2'),
(10, 1, 'AMD Athlon II'),
(11, 1, 'AMD Athlon II X2'),
(12, 1, 'AMD Athlon II X3'),
(13, 1, 'AMD Athlon II X4'),
(14, 1, 'AMD Athlon X2'),
(15, 1, 'AMD Athlon X4'),
(16, 1, 'AMD Athlon XP'),
(17, 1, 'AMD Duron'),
(18, 1, 'AMD FX'),
(19, 1, 'AMD Opteron'),
(20, 1, 'AMD Phenom II X2'),
(21, 1, 'AMD Phenom II X3'),
(22, 1, 'AMD Phenom II X4'),
(23, 1, 'AMD Phenom II X6'),
(24, 1, 'AMD Phenom X3'),
(25, 1, 'AMD Phenom X4'),
(26, 1, 'AMD Sempron'),
(27, 1, 'AMD Sempron Mobile'),
(28, 1, 'AMD Sempron X2'),
(29, 1, 'Intel Celeron'),
(30, 1, 'Intel Celeron D'),
(31, 1, 'Intel Celeron M'),
(32, 1, 'Intel Core 2 Duo'),
(33, 1, 'Intel Core 2 Duo Mobile'),
(34, 1, 'Intel Core 2 Extreme Edition'),
(35, 1, 'Intel Core 2 Quad'),
(36, 1, 'Intel Core Duo'),
(37, 1, 'Intel Core i3'),
(38, 1, 'Intel Core i5'),
(39, 1, 'Intel Core i7'),
(40, 1, 'Intel Core i7 Extreme Edition'),
(41, 1, 'Intel Core Solo'),
(42, 1, 'Intel Pentium'),
(43, 1, 'Intel Pentium 4'),
(44, 1, 'Intel Pentium 4 Extreme Edition'),
(45, 1, 'Intel Pentium D'),
(46, 1, 'Intel Pentium Extreme Edition'),
(47, 1, 'Intel Pentium M'),
(48, 1, 'Intel Pentium Mobile'),
(49, 1, 'Intel Xeon'),
(50, 1, 'Intel Xeon MP'),
(51, 2, 'AM1'),
(52, 2, 'AM2'),
(53, 2, 'AM2+'),
(54, 2, 'AM3'),
(55, 2, 'AM3+'),
(56, 2, 'C32'),
(57, 2, 'FM1'),
(58, 2, 'FM2'),
(59, 2, 'FM2+'),
(60, 2, 'G34'),
(61, 2, 'LGA1150'),
(62, 2, 'LGA1151'),
(63, 2, 'LGA1155'),
(64, 2, 'LGA1156'),
(65, 2, 'LGA1356'),
(66, 2, 'LGA1366'),
(67, 2, 'LGA1567'),
(68, 2, 'LGA2011'),
(69, 2, 'LGA2011-3'),
(70, 2, 'LGA771'),
(71, 2, 'LGA775'),
(72, 2, 'S1207 (Socket F)'),
(73, 2, 'S462'),
(74, 2, 'S478'),
(75, 2, 'S479'),
(76, 2, 'S603'),
(77, 2, 'S604'),
(78, 2, 'S754'),
(79, 2, 'S939'),
(80, 2, 'S940'),
(81, 3, 'Abu Dhabi'),
(82, 3, 'Agena'),
(83, 3, 'Allendale'),
(84, 3, 'Applebred'),
(85, 3, 'Athens'),
(86, 3, 'Banias'),
(87, 3, 'Barcelona'),
(88, 3, 'Barton'),
(89, 3, 'Beckton'),
(90, 3, 'Bloomfield'),
(91, 3, 'Brisbane'),
(92, 3, 'Broadwell (2015)'),
(93, 3, 'Broadwell E'),
(94, 3, 'Broadwell-EP'),
(95, 3, 'Budapest'),
(96, 3, 'Callisto'),
(97, 3, 'Carrizo'),
(98, 3, 'Cedar Mill'),
(99, 3, 'Clarkdale (2010)'),
(100, 3, 'Clawhammer'),
(101, 3, 'Clovertown'),
(102, 3, 'Conroe'),
(103, 3, 'Conroe XE'),
(104, 3, 'Conroe-CL'),
(105, 3, 'Conroe-L'),
(106, 3, 'Cranford'),
(107, 3, 'Dempsey'),
(108, 3, 'Deneb'),
(109, 3, 'Denmark'),
(110, 3, 'Devil\'s Canyon (2014)'),
(111, 3, 'Dothan'),
(112, 3, 'Dunnington'),
(113, 3, 'Egypt'),
(114, 3, 'Foster'),
(115, 3, 'Gainestown'),
(116, 3, 'Gallatin'),
(117, 3, 'Georgetown'),
(118, 3, 'Godavari (2015)'),
(119, 3, 'Gulftown'),
(120, 3, 'Harpertown'),
(121, 3, 'Haswell (2013)'),
(122, 3, 'Haswell-E (2014)'),
(123, 3, 'Haswell-EP (2014)'),
(124, 3, 'Heka'),
(125, 3, 'Interlagos'),
(126, 3, 'Irwindale'),
(127, 3, 'Istanbul'),
(128, 3, 'Italy'),
(129, 3, 'Ivy Bridge (2012)'),
(130, 3, 'Ivy Bridge-E (2013)'),
(131, 3, 'Ivy Bridge-EN (2013)'),
(132, 3, 'Ivy Bridge-EP (2013)'),
(133, 3, 'Ivy Bridge-H2 (2013)'),
(134, 3, 'Kabini (2013)'),
(135, 3, 'Kaby Lake'),
(136, 3, 'Kaveri (2014)'),
(137, 3, 'Kentsfield'),
(138, 3, 'Kuma'),
(139, 3, 'Lisbon'),
(140, 3, 'Llano'),
(141, 3, 'Lynnfield (2009)'),
(142, 3, 'Magny-Cours'),
(143, 3, 'Manchester'),
(144, 3, 'Manila'),
(145, 3, 'Merom'),
(146, 3, 'Newcastle'),
(147, 3, 'Nocona'),
(148, 3, 'Northwood'),
(149, 3, 'Oakville'),
(150, 3, 'Orleans'),
(151, 3, 'Palermo'),
(152, 3, 'Palomino'),
(153, 3, 'Paxville'),
(154, 3, 'Penryn'),
(155, 3, 'Potomac'),
(156, 3, 'Prescott'),
(157, 3, 'Presler'),
(158, 3, 'Prestonia'),
(159, 3, 'Propus'),
(160, 3, 'Rana'),
(161, 3, 'Regor'),
(162, 3, 'Richland'),
(163, 3, 'San Diego'),
(164, 3, 'Sandy Bridge (2011)'),
(165, 3, 'Sandy Bridge-E (2012)'),
(166, 3, 'Sandy Bridge-EN (2012)'),
(167, 3, 'Sandy Bridge-EP (2012)'),
(168, 3, 'Santa Ana'),
(169, 3, 'Santa Rosa'),
(170, 3, 'Sargas'),
(171, 3, 'Seoul'),
(172, 3, 'Shanghai'),
(173, 3, 'Skylake (2015)'),
(174, 3, 'Sledgehammer'),
(175, 3, 'Smithfield'),
(176, 3, 'Sparta'),
(177, 3, 'Thoroughbred'),
(178, 3, 'Thuban'),
(179, 3, 'Tigerton'),
(180, 3, 'Toledo'),
(181, 3, 'Toliman'),
(182, 3, 'Trinity (2012)'),
(183, 3, 'Troy'),
(184, 3, 'Tulsa'),
(185, 3, 'Valencia'),
(186, 3, 'Venice'),
(187, 3, 'Vishera (2012)'),
(188, 3, 'Warsaw'),
(189, 3, 'Westmere-EP (2010)'),
(190, 3, 'Westmere-EX (2011)'),
(191, 3, 'Willamette'),
(192, 3, 'Winchester'),
(193, 3, 'Windsor'),
(194, 3, 'Wolfdale'),
(195, 3, 'Woodcrest'),
(196, 3, 'Yonah'),
(197, 3, 'Yorkfield'),
(198, 3, 'Zambezi (2011)'),
(199, 3, 'Zosma');

-- --------------------------------------------------------

--
-- Структура таблицы `product`
--

CREATE TABLE `product` (
  `id` int(11) NOT NULL,
  `vendor_id` int(11) DEFAULT NULL,
  `type_id` int(11) DEFAULT NULL,
  `name` varchar(255) COLLATE utf8_unicode_ci NOT NULL,
  `rate` int(11) DEFAULT NULL,
  `rateInfo` varchar(255) COLLATE utf8_unicode_ci DEFAULT NULL,
  `price` decimal(10,2) DEFAULT NULL
) ENGINE=InnoDB DEFAULT CHARSET=utf8 COLLATE=utf8_unicode_ci;

--
-- Дамп данных таблицы `product`
--

INSERT INTO `product` (`id`, `vendor_id`, `type_id`, `name`, `rate`, `rateInfo`, `price`) VALUES
(1, 1, 1, 'Intel Xeon E3-1290 V2 @ 3.70GHz', 9892, NULL, NULL),
(2, 1, 1, 'Intel Xeon E3-1280 V2 @ 3.60GHz', 9783, NULL, NULL),
(3, 1, 1, 'Intel Core i7-3770K @ 3.50GHz', 9549, NULL, NULL),
(4, 1, 1, 'Intel Xeon E3-1270 V2 @ 3.50GHz', 9471, NULL, NULL),
(5, 1, 1, 'Intel Xeon E3-1275 V2 @ 3.50GHz', 9334, NULL, NULL),
(6, 1, 1, 'Intel Core i7-3770 @ 3.40GHz', 9320, NULL, NULL),
(7, 1, 1, 'Intel Xeon E3-1240 V2 @ 3.40GHz', 9248, NULL, NULL),
(8, 1, 1, 'Intel Xeon E3-1245 V2 @ 3.40GHz', 9064, NULL, NULL),
(9, 1, 1, 'Intel Core i7-3770S @ 3.10GHz', 8884, NULL, NULL),
(10, 1, 1, 'Intel Xeon E3-1230 V2 @ 3.30GHz', 8858, NULL, NULL),
(11, 1, 1, 'Intel Core i7-2700K @ 3.50GHz', 8778, NULL, NULL),
(12, 1, 1, 'Intel Xeon E3-1290 @ 3.60GHz', 8704, NULL, NULL),
(13, 1, 1, 'Intel Core i7-2600K @ 3.40GHz', 8481, NULL, NULL),
(14, 1, 1, 'Intel Xeon E3-1280 @ 3.50GHz', 8473, NULL, NULL),
(15, 1, 1, 'Intel Xeon E3-1275 @ 3.40GHz', 8349, NULL, NULL),
(16, 1, 1, 'Intel Xeon E3-1270 @ 3.40GHz', 8241, NULL, NULL),
(17, 1, 1, 'Intel Core i7-2600 @ 3.40GHz', 8228, NULL, NULL),
(18, 1, 1, 'Intel Core i7-3770T @ 2.50GHz', 8196, NULL, NULL),
(19, 1, 1, 'Intel Xeon E3-1245 @ 3.30GHz', 8056, NULL, NULL),
(20, 1, 1, 'Intel Xeon E3-1240 @ 3.30GHz', 7995, NULL, NULL),
(21, 1, 1, 'Intel Xeon E3-1230 @ 3.20GHz', 7929, NULL, NULL),
(22, 1, 1, 'Intel Xeon E3-1265L V2 @ 2.50GHz', 7780, NULL, NULL),
(23, 1, 1, 'Intel Xeon E3-1235 @ 3.20GHz', 7764, NULL, NULL),
(24, 1, 1, 'Intel Core i5-3570K @ 3.40GHz', 7135, NULL, NULL),
(25, 1, 1, 'Intel Core i7-2600S @ 2.80GHz', 7055, NULL, NULL),
(26, 1, 1, 'Intel Core i5-3570 @ 3.40GHz', 7008, NULL, NULL),
(27, 1, 1, 'Intel Core i5-3550S @ 3.00GHz', 6852, NULL, NULL),
(28, 1, 1, 'Intel Core i5-3550 @ 3.30GHz', 6833, NULL, NULL),
(29, 1, 1, 'Intel Xeon E3-1225 V2 @ 3.20GHz', 6768, NULL, NULL),
(30, 1, 1, 'Intel Core i5-2550K @ 3.40GHz', 6700, NULL, NULL),
(31, 1, 1, 'Intel Core i5-3470 @ 3.20GHz', 6590, NULL, NULL),
(32, 1, 1, 'Intel Xeon E3-1220 V2 @ 3.10GHz', 6564, NULL, NULL),
(33, 1, 1, 'Intel Core i5-3570S @ 3.10GHz', 6559, NULL, NULL),
(34, 1, 1, 'Intel Xeon E3-1260L @ 2.40GHz', 6534, NULL, NULL),
(35, 1, 1, 'Intel Core i5-3450 @ 3.10GHz', 6458, NULL, NULL),
(36, 1, 1, 'Intel Core i5-2500K @ 3.30GHz', 6453, NULL, NULL),
(37, 1, 1, 'Intel Core i5-3475S @ 2.90GHz', 6399, NULL, NULL),
(38, 1, 1, 'Intel Core i5-2500 @ 3.30GHz', 6244, NULL, NULL),
(39, 1, 1, 'Intel Core i5-3470S @ 2.90GHz', 6243, NULL, NULL),
(40, 1, 1, 'Intel Core i5-3450S @ 2.80GHz', 6104, NULL, NULL),
(41, 1, 1, 'Intel Core i5-3350P @ 3.10GHz', 6091, NULL, NULL),
(42, 1, 1, 'Intel Core i5-2450P @ 3.20GHz', 6091, NULL, NULL),
(43, 1, 1, 'Intel Xeon E3-1265L @ 2.40GHz', 6054, NULL, NULL),
(44, 1, 1, 'Intel Core i5-3340 @ 3.10GHz', 6021, NULL, NULL),
(45, 1, 1, 'Intel Xeon E3-1220 @ 3.10GHz', 6017, NULL, NULL),
(46, 1, 1, 'Intel Xeon E3-1225 @ 3.10GHz', 5940, NULL, NULL),
(47, 1, 1, 'Intel Core i5-2400 @ 3.10GHz', 5870, NULL, NULL),
(48, 1, 1, 'Intel Core i5-3330 @ 3.00GHz', 5870, NULL, NULL),
(49, 1, 1, 'Intel Core i5-3570T @ 2.30GHz', 5838, NULL, NULL),
(50, 1, 1, 'Intel Core i5-3335S @ 2.70GHz', 5768, NULL, NULL),
(51, 1, 1, 'Intel Core i5-3340S @ 2.80GHz', 5709, NULL, NULL),
(52, 1, 1, 'Intel Core i5-2320 @ 3.00GHz', 5703, NULL, NULL),
(53, 1, 1, 'Intel Core i5-2380P @ 3.10GHz', 5702, NULL, NULL),
(54, 1, 1, 'Intel Core i5-3330S @ 2.70GHz', 5608, NULL, NULL),
(55, 1, 1, 'Intel Core i5-2310 @ 2.90GHz', 5469, NULL, NULL),
(56, 1, 1, 'Intel Core i5-2300 @ 2.80GHz', 5284, NULL, NULL),
(57, 1, 1, 'Intel Core i5-2500S @ 2.70GHz', 5225, NULL, NULL),
(58, 1, 1, 'Intel Core i5-2405S @ 2.50GHz', 4950, NULL, NULL),
(59, 1, 1, 'Intel Core i5-24050S @ 2.50GHz', 4928, NULL, NULL),
(60, 1, 1, 'Intel Core i5-2400S @ 2.50GHz', 4900, NULL, NULL),
(61, 1, 1, 'Intel Core i5-2500T @ 2.30GHz', 4680, NULL, NULL),
(62, 1, 1, 'Intel Core i5-3470T @ 2.90GHz', 4501, NULL, NULL),
(63, 1, 1, 'Intel Core i3-3250 @ 3.50GHz', 4426, NULL, NULL),
(64, 1, 1, 'Intel Core i3-3225 @ 3.30GHz', 4333, NULL, NULL),
(65, 1, 1, 'Intel Core i3-3245 @ 3.40GHz', 4318, NULL, NULL),
(66, 1, 1, 'Intel Core i3-3240 @ 3.40GHz', 4298, NULL, NULL),
(67, 1, 1, 'Intel Core i5-2390T @ 2.70GHz', 4275, NULL, NULL),
(68, 1, 1, 'Intel Core i3-3220 @ 3.30GHz', 4214, NULL, NULL),
(69, 1, 1, 'Intel Core i3-2130 @ 3.40GHz', 4052, NULL, NULL),
(70, 1, 1, 'Intel Core i3-3210 @ 3.20GHz', 3998, NULL, NULL),
(71, 1, 1, 'Intel Core i3-2125 @ 3.30GHz', 3986, NULL, NULL),
(72, 1, 1, 'Intel Core i3-2120 @ 3.30GHz', 3889, NULL, NULL),
(73, 1, 1, 'Intel Core i3-2102 @ 3.10GHz', 3817, NULL, NULL),
(74, 1, 1, 'Intel Core i3-2105 @ 3.10GHz', 3709, NULL, NULL),
(75, 1, 1, 'Intel Core i3-3220T @ 2.80GHz', 3697, NULL, NULL),
(76, 1, 1, 'Intel Core i3-3240T @ 2.90GHz', 3660, NULL, NULL),
(77, 1, 1, 'Intel Xeon E3-1220L V2 @ 2.30GHz', 3656, NULL, NULL),
(78, 1, 1, 'Intel Core i3-2100 @ 3.10GHz', 3649, NULL, NULL),
(79, 1, 1, 'Intel Xeon E3-1220L @ 2.20GHz', 3563, NULL, NULL),
(80, 1, 1, 'Intel Pentium G2140 @ 3.30GHz', 3395, NULL, NULL),
(81, 1, 1, 'Intel Pentium G2130 @ 3.20GHz', 3221, NULL, NULL),
(82, 1, 1, 'Intel Core i3-2120T @ 2.60GHz', 3159, NULL, NULL),
(83, 1, 1, 'Intel Pentium G2120 @ 3.10GHz', 3069, NULL, NULL),
(84, 1, 1, 'Intel Core i3-3250T @ 3.00GHz', 3021, NULL, NULL),
(85, 1, 1, 'Intel Pentium G2030 @ 3.00GHz', 2900, NULL, NULL),
(86, 1, 1, 'Intel Core i3-2100T @ 2.50GHz', 2885, NULL, NULL),
(87, 1, 1, 'Intel Pentium G870 @ 3.10GHz', 2867, NULL, NULL),
(88, 1, 1, 'Intel Pentium G2100T @ 2.60GHz', 2802, NULL, NULL),
(89, 1, 1, 'Intel Pentium G2020 @ 2.90GHz', 2776, NULL, NULL),
(90, 1, 1, 'Intel Pentium G860 @ 3.00GHz', 2761, NULL, NULL),
(91, 1, 1, 'Intel Pentium G850 @ 2.90GHz', 2669, NULL, NULL),
(92, 1, 1, 'Intel Pentium G2010 @ 2.80GHz', 2608, NULL, NULL),
(93, 1, 1, 'Intel Celeron G1620 @ 2.70GHz', 2601, NULL, NULL),
(94, 1, 1, 'Intel Pentium G645 @ 2.90GHz', 2593, NULL, NULL),
(95, 1, 1, 'Intel Pentium G840 @ 2.80GHz', 2588, NULL, NULL),
(96, 1, 1, 'Intel Pentium G640 @ 2.80GHz', 2527, NULL, NULL),
(97, 1, 1, 'Intel Celeron G1610 @ 2.60GHz', 2508, NULL, NULL),
(98, 1, 1, 'Intel Celeron G1630 @ 2.80GHz', 2497, NULL, NULL),
(99, 1, 1, 'Intel Pentium G2020T @ 2.50GHz', 2459, NULL, NULL),
(100, 1, 1, 'Intel Pentium G2030T @ 2.60GHz', 2442, NULL, NULL),
(101, 1, 1, 'Intel Celeron G555 @ 2.70GHz', 2420, NULL, NULL),
(102, 1, 1, 'Intel Pentium G630 @ 2.70GHz', 2376, NULL, NULL),
(103, 1, 1, 'Intel Pentium G645T @ 2.50GHz', 2343, NULL, NULL),
(104, 1, 1, 'Intel Celeron G1610T @ 2.30GHz', 2327, NULL, NULL),
(105, 1, 1, 'Intel Celeron G550 @ 2.60GHz', 2311, NULL, NULL),
(106, 1, 1, 'Intel Pentium G620 @ 2.60GHz', 2301, NULL, NULL),
(107, 1, 1, 'Intel Celeron G1620T @ 2.40GHz', 2287, NULL, NULL),
(108, 1, 1, 'Intel Celeron G540 @ 2.50GHz', 2207, NULL, NULL),
(109, 1, 1, 'Intel Celeron G530 @ 2.40GHz', 2146, NULL, NULL),
(110, 1, 1, 'Intel Celeron G540T @ 2.10GHz', 2114, NULL, NULL),
(111, 1, 1, 'Intel Pentium G630T @ 2.30GHz', 2113, NULL, NULL),
(112, 1, 1, 'Intel Celeron G550T @ 2.20GHz', 2073, NULL, NULL),
(113, 1, 1, 'Intel Pentium G620T @ 2.20GHz', 2052, NULL, NULL),
(114, 1, 1, 'Intel Pentium G640T @ 2.40GHz', 1939, NULL, NULL),
(115, 1, 1, 'Intel Celeron G530T @ 2.00GHz', 1604, NULL, NULL),
(116, 1, 1, 'Intel Celeron G470 @ 2.00GHz', 1305, NULL, NULL),
(117, 1, 1, 'Intel Celeron G465 @ 1.90GHz', 1064, NULL, NULL),
(118, 1, 1, 'Intel Celeron G460 @ 1.80GHz', 1033, NULL, NULL),
(119, 1, 1, 'Intel Celeron G440 @ 1.60GHz', 706, NULL, NULL),
(120, 1, 1, 'Intel Xeon X3480 @ 3.07GHz', 5808, NULL, NULL),
(121, 1, 1, 'Intel Core i7-880 @ 3.07GHz', 5697, NULL, NULL),
(122, 1, 1, 'Intel Core i7-875K @ 2.93GHz', 5471, NULL, NULL),
(123, 1, 1, 'Intel Core i7-870 @ 2.93GHz', 5424, NULL, NULL),
(124, 1, 1, 'Intel Xeon X3470 @ 2.93GHz', 5195, NULL, NULL),
(125, 1, 1, 'Intel Xeon X3460 @ 2.80GHz', 5143, NULL, NULL),
(126, 1, 1, 'Intel Core i7-860 @ 2.80GHz', 5067, NULL, NULL),
(127, 1, 1, 'Intel Core i7-870S @ 2.67GHz', 4969, NULL, NULL),
(128, 1, 1, 'Intel Xeon X3450 @ 2.67GHz', 4959, NULL, NULL),
(129, 1, 1, 'Intel Core i7-860S @ 2.53GHz', 4776, NULL, NULL),
(130, 1, 1, 'Intel Xeon X3440 @ 2.53GHz', 4535, NULL, NULL),
(131, 1, 1, 'Intel Core i5-760 @ 2.80GHz', 3910, NULL, NULL),
(132, 1, 1, 'Intel Xeon L3426 @ 1.87GHz', 3837, NULL, NULL),
(133, 1, 1, 'Intel Core i5-750 @ 2.67GHz', 3718, NULL, NULL),
(134, 1, 1, 'Intel Core i5-680 @ 3.60GHz', 3532, NULL, NULL),
(135, 1, 1, 'Intel Xeon X3430 @ 2.40GHz', 3372, NULL, NULL),
(136, 1, 1, 'Intel Core i5-670 @ 3.47GHz', 3347, NULL, NULL),
(137, 1, 1, 'Intel Core i5-655K @ 3.20GHz', 3299, NULL, NULL),
(138, 1, 1, 'Intel Core i5-660 @ 3.33GHz', 3288, NULL, NULL),
(139, 1, 1, 'Intel Core i5-661 @ 3.33GHz', 3194, NULL, NULL),
(140, 1, 1, 'Intel Core i5-650 @ 3.20GHz', 3124, NULL, NULL),
(141, 1, 1, 'Intel Core i3-560 @ 3.33GHz', 2995, NULL, NULL),
(142, 1, 1, 'Intel Core i3-550 @ 3.20GHz', 2838, NULL, NULL),
(143, 1, 1, 'Intel Core i3-540 @ 3.07GHz', 2695, NULL, NULL),
(144, 1, 1, 'Intel Core i3-530 @ 2.93GHz', 2587, NULL, NULL),
(145, 1, 1, 'Intel Pentium G6951 @ 2.80GHz', 2311, NULL, NULL),
(146, 1, 1, 'Intel Core i5 750S @ 2.40GHz', 2197, NULL, NULL),
(147, 1, 1, 'Intel Pentium G6960 @ 2.93GHz', 2116, NULL, NULL),
(148, 1, 1, 'Intel Pentium G6950 @ 2.80GHz', 1876, NULL, NULL),
(149, 1, 1, 'Intel Celeron G1101 @ 2.27GHz', 1727, NULL, NULL),
(150, 1, 1, 'Intel Core i7-840QM @ 1.87GHz', 3433, NULL, NULL),
(151, 1, 1, 'Intel Core i7-820QM @ 1.73GHz', 3253, NULL, NULL),
(152, 1, 1, 'Intel Core i7-740QM @ 1.73GHz', 3211, NULL, NULL),
(153, 1, 1, 'Intel Core i7-720QM @ 1.60GHz', 3037, NULL, NULL),
(154, 1, 1, 'Intel Core i5-450M @ 2.40GHz', 2120, NULL, NULL),
(155, 1, 1, 'Intel Core i3-380M @ 2.53GHz', 2107, NULL, NULL),
(156, 1, 1, 'Intel Core i7-620LM @ 2.00GHz', 2025, NULL, NULL),
(157, 1, 1, 'Intel Core i3-370M @ 2.40GHz', 2023, NULL, NULL),
(158, 1, 1, 'Intel Celeron P4600 @ 2.00GHz', 1343, NULL, NULL),
(159, 1, 1, 'Intel Celeron P4500 @ 1.87GHz', 1177, NULL, NULL),
(160, 1, 1, 'Intel Xeon W3690 @ 3.47GHz', 9477, NULL, NULL),
(161, 1, 1, 'Intel Xeon W3680 @ 3.33GHz', 9287, NULL, NULL),
(162, 1, 1, 'Intel Core i7-990X @ 3.47GHz', 9190, NULL, NULL),
(163, 1, 1, 'Intel Xeon X5690 @ 3.47GHz', 9171, NULL, NULL),
(164, 1, 1, 'Intel Core i7-980X @ 3.33GHz', 8916, NULL, NULL),
(165, 1, 1, 'Intel Core i7-980 @ 3.33GHz', 8822, NULL, NULL),
(166, 1, 1, 'Intel Xeon X5680 @ 3.33GHz', 8767, NULL, NULL),
(167, 1, 1, 'Intel Xeon X5679 @ 3.20GHz', 8652, NULL, NULL),
(168, 1, 1, 'Intel Xeon X5675 @ 3.07GHz', 8556, NULL, NULL),
(169, 1, 1, 'Intel Core i7-970 @ 3.20GHz', 8468, NULL, NULL),
(170, 1, 1, 'Intel Xeon W3670 @ 3.20GHz', 8395, NULL, NULL),
(171, 1, 1, 'Intel Xeon X5670 @ 2.93GHz', 8098, NULL, NULL),
(172, 1, 1, 'Intel Xeon X5660 @ 2.80GHz', 7891, NULL, NULL),
(173, 1, 1, 'Intel Xeon X5650 @ 2.67GHz', 7567, NULL, NULL),
(174, 1, 1, 'Intel Xeon X5687 @ 3.60GHz', 7190, NULL, NULL),
(175, 1, 1, 'Intel Xeon E5649 @ 2.53GHz', 7051, NULL, NULL),
(176, 1, 1, 'Intel Xeon L5639 @ 2.13GHz', 7021, NULL, NULL),
(177, 1, 1, 'Intel Xeon X5677 @ 3.47GHz', 6984, NULL, NULL),
(178, 1, 1, 'Intel Core i7-985 @ 3.47GHz', 6641, NULL, NULL),
(179, 1, 1, 'Intel Xeon L5640 @ 2.27GHz', 6528, NULL, NULL),
(180, 1, 1, 'Intel Xeon X5672 @ 3.20GHz', 6507, NULL, NULL),
(181, 1, 1, 'Intel Xeon E5645 @ 2.40GHz', 6487, NULL, NULL),
(182, 1, 1, 'Intel Xeon W3580 @ 3.33GHz', 6448, NULL, NULL),
(183, 1, 1, 'Intel Core i7-975 @ 3.33GHz', 6195, NULL, NULL),
(184, 1, 1, 'Intel Xeon W3570 @ 3.20GHz', 6187, NULL, NULL),
(185, 1, 1, 'Intel Xeon W5590 @ 3.33GHz', 6183, NULL, NULL),
(186, 1, 1, 'Intel Xeon W3565 @ 3.20GHz', 5995, NULL, NULL),
(187, 1, 1, 'Intel Xeon X5647 @ 2.93GHz', 5994, NULL, NULL),
(188, 1, 1, 'Intel Core i7-965 @ 3.20GHz', 5907, NULL, NULL),
(189, 1, 1, 'Intel Core i7-960 @ 3.20GHz', 5885, NULL, NULL),
(190, 1, 1, 'Intel Xeon W5580 @ 3.20GHz', 5836, NULL, NULL),
(191, 1, 1, 'Intel Xeon W3550 @ 3.07GHz', 5737, NULL, NULL),
(192, 1, 1, 'Intel Xeon X5570 @ 2.93GHz', 5691, NULL, NULL),
(193, 1, 1, 'Intel Xeon L5638 @ 2.00GHz', 5674, NULL, NULL),
(194, 1, 1, 'Intel Core i7-950 @ 3.07GHz', 5606, NULL, NULL),
(195, 1, 1, 'Intel Xeon W3540 @ 2.93GHz', 5484, NULL, NULL),
(196, 1, 1, 'Intel Xeon X5560 @ 2.80GHz', 5426, NULL, NULL),
(197, 1, 1, 'Intel Core i7-940 @ 2.93GHz', 5425, NULL, NULL),
(198, 1, 1, 'Intel Xeon X5550 @ 2.67GHz', 5416, NULL, NULL),
(199, 1, 1, 'Intel Xeon W3530 @ 2.80GHz', 5367, NULL, NULL),
(200, 1, 1, 'Intel Xeon E5640 @ 2.67GHz', 5339, NULL, NULL),
(201, 1, 1, 'Intel Core i7-930 @ 2.80GHz', 5195, NULL, NULL),
(202, 1, 1, 'Intel Xeon E5630 @ 2.53GHz', 5166, NULL, NULL),
(203, 1, 1, 'Intel Xeon W3520 @ 2.67GHz', 5065, NULL, NULL),
(204, 1, 1, 'Intel Core i7-920 @ 2.67GHz', 4975, NULL, NULL),
(205, 1, 1, 'Intel Xeon E5620 @ 2.40GHz', 4875, NULL, NULL),
(206, 1, 1, 'Intel Xeon E5540 @ 2.53GHz', 4857, NULL, NULL),
(207, 1, 1, 'Intel Xeon X5667 @ 3.07GHz', 4722, NULL, NULL),
(208, 1, 1, 'Intel Xeon E5530 @ 2.40GHz', 4605, NULL, NULL),
(209, 1, 1, 'Intel Xeon E5520 @ 2.27GHz', 4453, NULL, NULL),
(210, 1, 1, 'Intel Xeon L5630 @ 2.13GHz', 4420, NULL, NULL),
(211, 1, 1, 'Intel Xeon L5520 @ 2.27GHz', 4387, NULL, NULL),
(212, 1, 1, 'Intel Xeon L5530 @ 2.40GHz', 4351, NULL, NULL),
(213, 1, 1, 'Intel Xeon X5698 @ 4.40GHz', 4272, NULL, NULL),
(214, 1, 1, 'Intel Xeon L5506 @ 2.13GHz', 3715, NULL, NULL),
(215, 1, 1, 'Intel Xeon E5607 @ 2.27GHz', 3459, NULL, NULL),
(216, 1, 1, 'Intel Xeon E5507 @ 2.27GHz', 3168, NULL, NULL),
(217, 1, 1, 'Intel Xeon E5606 @ 2.13GHz', 3093, NULL, NULL),
(218, 1, 1, 'Intel Xeon E5506 @ 2.13GHz', 2995, NULL, NULL),
(219, 1, 1, 'Intel Xeon E5504 @ 2.00GHz', 2719, NULL, NULL),
(220, 1, 1, 'Intel Xeon E5603 @ 1.60GHz', 2363, NULL, NULL),
(221, 1, 1, 'Intel Xeon W3505 @ 2.53GHz', 1855, NULL, NULL),
(222, 1, 1, 'Intel Xeon W3503 @ 2.40GHz', 1782, NULL, NULL),
(223, 1, 1, 'Intel Xeon E5502 @ 1.87GHz', 1381, NULL, NULL),
(224, 1, 1, 'Intel Xeon E5503 @ 2.00GHz', 1360, NULL, NULL),
(225, 1, 1, 'Intel Xeon X3380 @ 3.16GHz', 4697, NULL, NULL),
(226, 1, 1, 'Intel Core2 Extreme X9770 @ 3.20GHz', 4647, NULL, NULL),
(227, 1, 1, 'Intel Xeon X3370 @ 3.00GHz', 4353, NULL, NULL),
(228, 1, 1, 'Intel Core2 Quad Q9650 @ 3.00GHz', 4249, NULL, NULL),
(229, 1, 1, 'Intel Core2 Extreme X9650 @ 3.00GHz', 4246, NULL, NULL),
(230, 1, 1, 'Intel Xeon X3360 @ 2.83GHz', 4021, NULL, NULL),
(231, 1, 1, 'Intel Core2 Quad Q9550 @ 2.83GHz', 4020, NULL, NULL),
(232, 1, 1, 'Intel Core2 Quad Q9705 @ 3.16GHz', 3947, NULL, NULL),
(233, 1, 1, 'Intel Xeon X3350 @ 2.66GHz', 3915, NULL, NULL),
(234, 1, 1, 'Intel Xeon X3353 @ 2.66GHz', 3905, NULL, NULL),
(235, 1, 1, 'Intel Xeon L3360 @ 2.83GHz', 3820, NULL, NULL),
(236, 1, 1, 'Intel Core2 Quad Q9450 @ 2.66GHz', 3787, NULL, NULL),
(237, 1, 1, 'Intel Core2 Extreme Q6850 @ 3.00GHz', 3698, NULL, NULL),
(238, 1, 1, 'Intel Core2 Extreme Q6800 @ 2.93GHz', 3643, NULL, NULL),
(239, 1, 1, 'Intel Core2 Quad Q9500 @ 2.83GHz', 3637, NULL, NULL),
(240, 1, 1, 'Intel Core2 Quad Q9505 @ 2.83GHz', 3620, NULL, NULL),
(241, 1, 1, 'Intel Xeon X3330 @ 2.66GHz', 3599, NULL, NULL),
(242, 1, 1, 'Intel Xeon X3230 @ 2.66GHz', 3443, NULL, NULL),
(243, 1, 1, 'Intel Xeon X3320 @ 2.50GHz', 3394, NULL, NULL),
(244, 1, 1, 'Intel Core2 Quad Q9400 @ 2.66GHz', 3393, NULL, NULL),
(245, 1, 1, 'Intel Core2 Quad Q6700 @ 2.66GHz', 3325, NULL, NULL),
(246, 1, 1, 'Intel Xeon X3323 @ 2.50GHz', 3248, NULL, NULL),
(247, 1, 1, 'Intel Core2 Quad Q8400 @ 2.66GHz', 3208, NULL, NULL),
(248, 1, 1, 'Intel Core2 Quad Q9300 @ 2.50GHz', 3180, NULL, NULL),
(249, 1, 1, 'Intel Xeon X3220 @ 2.40GHz', 3121, NULL, NULL),
(250, 1, 1, 'Intel Core2 Quad Q8300 @ 2.50GHz', 3011, NULL, NULL),
(251, 1, 1, 'Intel Core2 Quad Q6600 @ 2.40GHz', 2978, NULL, NULL),
(252, 1, 1, 'Intel Core2 Quad Q8200 @ 2.33GHz', 2829, NULL, NULL),
(253, 1, 1, 'Intel Xeon X3210 @ 2.13GHz', 2801, NULL, NULL),
(254, 1, 1, 'Intel Xeon E3113 @ 3.00GHz', 2427, NULL, NULL),
(255, 1, 1, 'Intel Core2 Duo E8600 @ 3.33GHz', 2417, NULL, NULL),
(256, 1, 1, 'Intel Core2 Duo E8290 @ 2.83GHz', 2353, NULL, NULL),
(257, 1, 1, 'Intel Core2 Duo E8500 @ 3.16GHz', 2299, NULL, NULL),
(258, 1, 1, 'Intel Xeon L3110 @ 3.00GHz', 2273, NULL, NULL),
(259, 1, 1, 'Intel Xeon E3120 @ 3.16GHz', 2241, NULL, NULL),
(260, 1, 1, 'Intel Xeon E3110 @ 3.00GHz', 2190, NULL, NULL),
(261, 1, 1, 'Intel Core2 Duo E8400 @ 3.00GHz', 2166, NULL, NULL),
(262, 1, 1, 'Intel Pentium E6800 @ 3.33GHz', 2045, NULL, NULL),
(263, 1, 1, 'Intel Core2 Duo E7600 @ 3.06GHz', 2013, NULL, NULL),
(264, 1, 1, 'Intel Core2 Duo E8300 @ 2.83GHz', 2003, NULL, NULL),
(265, 1, 1, 'Intel Core2 Duo E6850 @ 3.00GHz', 1955, NULL, NULL),
(266, 1, 1, 'Intel Pentium E6700 @ 3.20GHz', 1944, NULL, NULL),
(267, 1, 1, 'Intel Pentium E5800 @ 3.20GHz', 1909, NULL, NULL),
(268, 1, 1, 'Intel Core2 Duo E8200 @ 2.66GHz', 1888, NULL, NULL),
(269, 1, 1, 'Intel Pentium E6600 @ 3.06GHz', 1885, NULL, NULL),
(270, 1, 1, 'Intel Core2 Extreme X6800 @ 2.93GHz', 1884, NULL, NULL),
(271, 1, 1, 'Intel Core2 Duo E7500 @ 2.93GHz', 1879, NULL, NULL),
(272, 1, 1, 'Intel Xeon 3085 @ 3.00GHz', 1801, NULL, NULL),
(273, 1, 1, 'Intel Core2 Duo E7400 @ 2.80GHz', 1778, NULL, NULL),
(274, 1, 1, 'Intel Pentium E6500 @ 2.93GHz', 1762, NULL, NULL),
(275, 1, 1, 'Intel Xeon 3070 @ 2.66GHz', 1754, NULL, NULL),
(276, 1, 1, 'Intel Pentium E5700 @ 3.00GHz', 1743, NULL, NULL),
(277, 1, 1, 'Intel Core2 Duo E7300 @ 2.66GHz', 1729, NULL, NULL),
(278, 1, 1, 'Intel Core2 Duo E6750 @ 2.66GHz', 1724, NULL, NULL),
(279, 1, 1, 'Intel Core2 Duo E6700 @ 2.66GHz', 1704, NULL, NULL),
(280, 1, 1, 'Intel Pentium E6300 @ 2.80GHz', 1701, NULL, NULL),
(281, 1, 1, 'Intel Core2 Duo E7200 @ 2.53GHz', 1638, NULL, NULL),
(282, 1, 1, 'Intel Pentium E5500 @ 2.80GHz', 1637, NULL, NULL),
(283, 1, 1, 'Intel Pentium E5400 @ 2.70GHz', 1597, NULL, NULL),
(284, 1, 1, 'Intel Core2 Duo E6600 @ 2.40GHz', 1558, NULL, NULL),
(285, 1, 1, 'Intel Pentium E5300 @ 2.60GHz', 1547, NULL, NULL),
(286, 1, 1, 'Intel Xeon 3060 @ 2.40GHz', 1518, NULL, NULL),
(287, 1, 1, 'Intel Xeon 3065 @ 2.33GHz', 1504, NULL, NULL),
(288, 1, 1, 'Intel Core2 Duo E6550 @ 2.33GHz', 1502, NULL, NULL),
(289, 1, 1, 'Intel Pentium E5200 @ 2.50GHz', 1490, NULL, NULL),
(290, 1, 1, 'Intel Core2 Duo E4700 @ 2.60GHz', 1475, NULL, NULL),
(291, 1, 1, 'Intel Core2 Duo E6540 @ 2.33GHz', 1464, NULL, NULL),
(292, 1, 1, 'Intel Celeron E3400 @ 2.60GHz', 1425, NULL, NULL),
(293, 1, 1, 'Intel Celeron E3500 @ 2.70GHz', 1422, NULL, NULL),
(294, 1, 1, 'Intel Celeron E3300 @ 2.50GHz', 1395, NULL, NULL),
(295, 1, 1, 'Intel Core2 Duo E4600 @ 2.40GHz', 1388, NULL, NULL),
(296, 1, 1, 'Intel Celeron E3200 @ 2.40GHz', 1381, NULL, NULL),
(297, 1, 1, 'Intel Core2 Duo E6420 @ 2.13GHz', 1372, NULL, NULL),
(298, 1, 1, 'Intel Pentium E2220 @ 2.40GHz', 1342, NULL, NULL),
(299, 1, 1, 'Intel Xeon 3050 @ 2.13GHz', 1311, NULL, NULL),
(300, 1, 1, 'Intel Core2 Duo E6400 @ 2.13GHz', 1295, NULL, NULL),
(301, 1, 1, 'Intel Xeon 3040 @ 1.86GHz', 1281, NULL, NULL),
(302, 1, 1, 'Intel Core2 Duo E4500 @ 2.20GHz', 1275, NULL, NULL),
(303, 1, 1, 'Intel Celeron E1600 @ 2.40GHz', 1260, NULL, NULL),
(304, 1, 1, 'Intel Pentium E2200 @ 2.20GHz', 1201, NULL, NULL),
(305, 1, 1, 'Intel Core2 Duo E6320 @ 1.86GHz', 1191, NULL, NULL),
(306, 1, 1, 'Intel Pentium E2210 @ 2.20GHz', 1174, NULL, NULL),
(307, 1, 1, 'Intel Core2 Duo E4400 @ 2.00GHz', 1157, NULL, NULL),
(308, 1, 1, 'Intel Celeron E1500 @ 2.20GHz', 1145, NULL, NULL),
(309, 1, 1, 'Intel Core2 Duo E6300 @ 1.86GHz', 1112, NULL, NULL),
(310, 1, 1, 'Intel Pentium E2180 @ 2.00GHz', 1087, NULL, NULL),
(311, 1, 1, 'Intel Core2 Duo E4300 @ 1.80GHz', 1048, NULL, NULL),
(312, 1, 1, 'Intel Celeron E1400 @ 2.00GHz', 1042, NULL, NULL),
(313, 1, 1, 'Intel Pentium E2160 @ 1.80GHz', 997, NULL, NULL),
(314, 1, 1, 'Intel Pentium Extreme Edition 965 @ 3.73GHz', 956, NULL, NULL),
(315, 1, 1, 'Intel Pentium Extreme Edition 955 @ 3.46GHz', 905, NULL, NULL),
(316, 1, 1, 'Intel Pentium E2140 @ 1.60GHz', 868, NULL, NULL),
(317, 1, 1, 'Intel Celeron E1200 @ 1.60GHz', 861, NULL, NULL),
(318, 1, 1, 'Intel Pentium D 960 @ 3.60GHz', 823, NULL, NULL),
(319, 1, 1, 'Intel Pentium D 950 @ 3.40GHz', 741, NULL, NULL),
(320, 1, 1, 'Intel Pentium D 940 @ 3.20GHz', 711, NULL, NULL),
(321, 1, 1, 'Intel Pentium D 830 @ 3.00GHz', 647, NULL, NULL),
(322, 1, 1, 'Intel Celeron 450 @ 2.20GHz', 621, NULL, NULL),
(323, 1, 1, 'Intel Pentium D 915 @ 2.80GHz', 586, NULL, NULL),
(324, 1, 1, 'Intel Celeron D 430 @ 1.80GHz', 585, NULL, NULL),
(325, 1, 1, 'Intel Celeron 440 @ 2.00GHz', 540, NULL, NULL),
(326, 1, 1, 'Intel Pentium D 805 @ 2.66GHz', 531, NULL, NULL),
(327, 1, 1, 'Intel Celeron 430 @ 1.80GHz', 487, NULL, NULL),
(328, 1, 1, 'Intel Celeron D 420 @ 1.60GHz', 481, NULL, NULL),
(329, 1, 1, 'Intel Celeron 420 @ 1.60GHz', 453, NULL, NULL),
(330, 1, 1, 'Intel Celeron D 365 @ 3.60GHz', 404, NULL, NULL),
(331, 1, 1, 'Intel Celeron D 360 @ 3.46GHz', 334, NULL, NULL),
(332, 1, 1, 'Intel Celeron D 356 @ 3.33GHz', 316, NULL, NULL),
(333, 1, 1, 'Intel Celeron D 352 @ 3.20GHz', 305, NULL, NULL),
(334, 1, 1, 'Intel Celeron D 347 @ 3.06GHz', 276, NULL, NULL),
(335, 1, 1, 'Intel Xeon E5-2689 v4 @ 3.10GHz', 19708, NULL, NULL),
(336, 1, 1, 'Intel Xeon E5-2697 v2 @ 2.70GHz', 17356, NULL, NULL),
(337, 1, 1, 'Intel Xeon E5-1680 v2 @ 3.00GHz', 16990, NULL, NULL),
(338, 1, 1, 'Intel Xeon E5-2696 v2 @ 2.50GHz', 16681, NULL, NULL),
(339, 1, 1, 'Intel Xeon E5-2687W v2 @ 3.40GHz', 16603, NULL, NULL),
(340, 1, 1, 'Intel Xeon E5-2690 v2 @ 3.00GHz', 16546, NULL, NULL),
(341, 1, 1, 'Intel Xeon E5-2667 v2 @ 3.30GHz', 16415, NULL, NULL),
(342, 1, 1, 'Intel Xeon E5-2680 v2 @ 2.80GHz', 16341, NULL, NULL),
(343, 1, 1, 'Intel Xeon E5-2673 v2 @ 3.30GHz', 16320, NULL, NULL),
(344, 1, 1, 'Intel Xeon E5-2692 v2 @ 2.20GHz', 16018, NULL, NULL),
(345, 1, 1, 'Intel Xeon E5-2695 v2 @ 2.40GHz', 15898, NULL, NULL),
(346, 1, 1, 'Intel Xeon E5-2670 v2 @ 2.50GHz', 14975, NULL, NULL),
(347, 1, 1, 'Intel Xeon E5-4627 v3 @ 2.60GHz', 14614, NULL, NULL),
(348, 1, 1, 'Intel Xeon E5-2687W @ 3.10GHz', 14376, NULL, NULL),
(349, 1, 1, 'Intel Xeon E5-2690 @ 2.90GHz', 14194, NULL, NULL),
(350, 1, 1, 'Intel Core i7-4960X @ 3.60GHz', 13885, NULL, NULL),
(351, 1, 1, 'Intel Xeon E5-2658 v2 @ 2.40GHz', 13875, NULL, NULL),
(352, 1, 1, 'Intel Xeon E5-2689 @ 2.60GHz', 13869, NULL, NULL),
(353, 1, 1, 'Intel Xeon E5-1660 v2 @ 3.70GHz', 13735, NULL, NULL),
(354, 1, 1, 'Intel Xeon E5-2660 v2 @ 2.20GHz', 13264, NULL, NULL),
(355, 1, 1, 'Intel Xeon E5-2650 v2 @ 2.60GHz', 13089, NULL, NULL),
(356, 1, 1, 'Intel Core i7-4930K @ 3.40GHz', 13055, NULL, NULL),
(357, 1, 1, 'Intel Xeon E5-2680 @ 2.70GHz', 12957, NULL, NULL),
(358, 1, 1, 'Intel Core i7-3960X @ 3.30GHz', 12710, NULL, NULL),
(359, 1, 1, 'Intel Core i7-3970X @ 3.50GHz', 12655, NULL, NULL),
(360, 1, 1, 'Intel Xeon E5-1660 @ 3.30GHz', 12570, NULL, NULL),
(361, 1, 1, 'Intel Xeon E5-1650 v2 @ 3.50GHz', 12546, NULL, NULL),
(362, 1, 1, 'Intel Xeon E5-2670 @ 2.60GHz', 12328, NULL, NULL),
(363, 1, 1, 'Intel Xeon E5-2665 @ 2.40GHz', 12028, NULL, NULL),
(364, 1, 1, 'Intel Core i7-3930K @ 3.20GHz', 12028, NULL, NULL),
(365, 1, 1, 'Intel Xeon E5-4650 @ 2.70GHz', 11960, NULL, NULL),
(366, 1, 1, 'Intel Xeon E5-1650 @ 3.20GHz', 11775, NULL, NULL),
(367, 1, 1, 'Intel Xeon E5-2643 v2 @ 3.50GHz', 11735, NULL, NULL),
(368, 1, 1, 'Intel Xeon E5-2660 @ 2.20GHz', 11212, NULL, NULL),
(369, 1, 1, 'Intel Xeon E5-2651 v2 @ 1.80GHz', 11176, NULL, NULL),
(370, 1, 1, 'Intel Xeon E5-2630 v2 @ 2.60GHz', 10451, NULL, NULL),
(371, 1, 1, 'Intel Xeon E5-2667 @ 2.90GHz', 10380, NULL, NULL),
(372, 1, 1, 'Intel Xeon E5-2650 @ 2.00GHz', 10376, NULL, NULL),
(373, 1, 1, 'Intel Xeon E5-2640 v2 @ 2.00GHz', 9914, NULL, NULL),
(374, 1, 1, 'Intel Core i7-4820K @ 3.70GHz', 9751, NULL, NULL),
(375, 1, 1, 'Intel Xeon E5-2640 @ 2.50GHz', 9686, NULL, NULL),
(376, 1, 1, 'Intel Xeon E5-2658 @ 2.10GHz', 9484, NULL, NULL),
(377, 1, 1, 'Intel Xeon E5-1620 v2 @ 3.70GHz', 9477, NULL, NULL),
(378, 1, 1, 'Intel Xeon E5-2637 v2 @ 3.50GHz', 9423, NULL, NULL),
(379, 1, 1, 'Intel Xeon E5-2628L v2 @ 1.90GHz', 9405, NULL, NULL),
(380, 1, 1, 'Intel Xeon E5-1620 @ 3.60GHz', 9091, NULL, NULL),
(381, 1, 1, 'Intel Core i7-3820 @ 3.60GHz', 8989, NULL, NULL),
(382, 1, 1, 'Intel Xeon E5-2630 @ 2.30GHz', 8915, NULL, NULL),
(383, 1, 1, 'Intel Xeon E5-2620 v2 @ 2.10GHz', 8677, NULL, NULL),
(384, 1, 1, 'Intel Xeon E5-2650L @ 1.80GHz', 8676, NULL, NULL),
(385, 1, 1, 'Intel Xeon E5-2643 @ 3.30GHz', 8478, NULL, NULL),
(386, 1, 1, 'Intel Xeon E5-2620 @ 2.00GHz', 7971, NULL, NULL),
(387, 1, 1, 'Intel Xeon E5-2630L @ 2.00GHz', 7868, NULL, NULL),
(388, 1, 1, 'Intel Xeon E5-1607 v2 @ 3.00GHz', 5963, NULL, NULL),
(389, 1, 1, 'Intel Xeon E5-1607 @ 3.00GHz', 5742, NULL, NULL),
(390, 1, 1, 'Intel Xeon E5-1603 @ 2.80GHz', 5473, NULL, NULL),
(391, 1, 1, 'Intel Xeon E5-4603 @ 2.00GHz', 5014, NULL, NULL),
(392, 1, 1, 'Intel Xeon E5-2609 v2 @ 2.50GHz', 5013, NULL, NULL),
(393, 1, 1, 'Intel Xeon E5-2609 @ 2.40GHz', 4600, NULL, NULL),
(394, 1, 1, 'Intel Xeon E5-2603 v2 @ 1.80GHz', 3739, NULL, NULL),
(395, 1, 1, 'Intel Xeon E5-2603 @ 1.80GHz', 3510, NULL, NULL),
(396, 1, 1, 'Intel Core i7-4790K @ 4.00GHz', 11184, NULL, NULL),
(397, 1, 1, 'Intel Xeon E3-1285L v4 @ 3.40GHz', 11170, NULL, NULL),
(398, 1, 1, 'Intel Core i7-5775C @ 3.30GHz', 11025, NULL, NULL),
(399, 1, 1, 'Intel Core i7-5775R @ 3.30GHz', 10868, NULL, NULL),
(400, 1, 1, 'Intel Xeon E3-1285 v3 @ 3.60GHz', 10252, NULL, NULL),
(401, 1, 1, 'Intel Xeon E3-1276 v3 @ 3.60GHz', 10251, NULL, NULL),
(402, 1, 1, 'Intel Core i7-4770K @ 3.50GHz', 10115, NULL, NULL),
(403, 1, 1, 'Intel Xeon E3-1281 v3 @ 3.70GHz', 10081, NULL, NULL),
(404, 1, 1, 'Intel Xeon E3-1271 v3 @ 3.60GHz', 10069, NULL, NULL),
(405, 1, 1, 'Intel Xeon E3-1241 v3 @ 3.50GHz', 10034, NULL, NULL),
(406, 1, 1, 'Intel Xeon E3-1246 v3 @ 3.50GHz', 10030, NULL, NULL),
(407, 1, 1, 'Intel Core i7-4790 @ 3.60GHz', 9999, NULL, NULL),
(408, 1, 1, 'Intel Xeon E3-1285L v3 @ 3.10GHz', 9883, NULL, NULL),
(409, 1, 1, 'Intel Core i7-4771 @ 3.50GHz', 9874, NULL, NULL),
(410, 1, 1, 'Intel Xeon E3-1275 v3 @ 3.50GHz', 9828, NULL, NULL),
(411, 1, 1, 'Intel Core i7-4770 @ 3.40GHz', 9805, NULL, NULL),
(412, 1, 1, 'Intel Xeon E3-1270 v3 @ 3.50GHz', 9798, NULL, NULL),
(413, 1, 1, 'Intel Xeon E3-1280 v3 @ 3.60GHz', 9742, NULL, NULL),
(414, 1, 1, 'Intel Xeon E3-1240 v3 @ 3.40GHz', 9709, NULL, NULL),
(415, 1, 1, 'Intel Xeon E3-1231 v3 @ 3.40GHz', 9630, NULL, NULL),
(416, 1, 1, 'Intel Core i7-4790S @ 3.20GHz', 9591, NULL, NULL),
(417, 1, 1, 'Intel Xeon E3-1245 v3 @ 3.40GHz', 9547, NULL, NULL),
(418, 1, 1, 'Intel Core i7-5850HQ @ 2.70GHz', 9459, NULL, NULL),
(419, 1, 1, 'Intel Xeon E3-1286 v3 @ 3.70GHz', 9388, NULL, NULL),
(420, 1, 1, 'Intel Xeon E3-1230 v3 @ 3.30GHz', 9321, NULL, NULL),
(421, 1, 1, 'Intel Core i7-4770S @ 3.10GHz', 9311, NULL, NULL),
(422, 1, 1, 'Intel Core i7-4790T @ 2.70GHz', 9065, NULL, NULL),
(423, 1, 1, 'Intel Xeon E3-1265L v3 @ 2.50GHz', 8691, NULL, NULL),
(424, 1, 1, 'Intel Core i7-4770T @ 2.50GHz', 8677, NULL, NULL),
(425, 1, 1, 'Intel Xeon E3-1275L v3 @ 2.70GHz', 8628, NULL, NULL),
(426, 1, 1, 'Intel Core i7-5675C @ 3.10GHz', 8164, NULL, NULL),
(427, 1, 1, 'Intel Core i5-5675C @ 3.10GHz', 8048, NULL, NULL),
(428, 1, 1, 'Intel Xeon E3-1268L v3 @ 2.30GHz', 7850, NULL, NULL),
(429, 1, 1, 'Intel Core i5-4690K @ 3.50GHz', 7722, NULL, NULL),
(430, 1, 1, 'Intel Core i5-4670K @ 3.40GHz', 7604, NULL, NULL),
(431, 1, 1, 'Intel Core i5-4690 @ 3.50GHz', 7579, NULL, NULL),
(432, 1, 1, 'Intel Core i7-4785T @ 2.20GHz', 7557, NULL, NULL),
(433, 1, 1, 'Intel Xeon E3-1240L v3 @ 2.00GHz', 7507, NULL, NULL),
(434, 1, 1, 'Intel Xeon E3-1226 v3 @ 3.30GHz', 7466, NULL, NULL),
(435, 1, 1, 'Intel Core i5-4670K CPT @ 3.40GHz', 7411, NULL, NULL),
(436, 1, 1, 'Intel Xeon E3-1230L v3 @ 1.80GHz', 7384, NULL, NULL),
(437, 1, 1, 'Intel Core i5-4670 @ 3.40GHz', 7368, NULL, NULL),
(438, 1, 1, 'Intel Core i5-4690S @ 3.20GHz', 7348, NULL, NULL),
(439, 1, 1, 'Intel Core i7-4765T @ 2.00GHz', 7294, NULL, NULL),
(440, 1, 1, 'Intel Core i5-4590 @ 3.30GHz', 7209, NULL, NULL),
(441, 1, 1, 'Intel Xeon E3-1225 v3 @ 3.20GHz', 7098, NULL, NULL),
(442, 1, 1, 'Intel Core i5-5575R @ 2.80GHz', 7072, NULL, NULL),
(443, 1, 1, 'Intel Core i7-4770TE @ 2.30GHz', 7065, NULL, NULL),
(444, 1, 1, 'Intel Core i5-4570 @ 3.20GHz', 7030, NULL, NULL),
(445, 1, 1, 'Intel Core i5-4590S @ 3.00GHz', 6938, NULL, NULL),
(446, 1, 1, 'Intel Core i5-4570S @ 2.90GHz', 6654, NULL, NULL),
(447, 1, 1, 'Intel Core i5-4460 @ 3.20GHz', 6637, NULL, NULL),
(448, 1, 1, 'Intel Xeon E3-1220 v3 @ 3.10GHz', 6608, NULL, NULL),
(449, 1, 1, 'Intel Core i5-4460S @ 2.90GHz', 6553, NULL, NULL),
(450, 1, 1, 'Intel Core i5-4670S @ 3.10GHz', 6436, NULL, NULL),
(451, 1, 1, 'Intel Core i5-4440 @ 3.10GHz', 6425, NULL, NULL),
(452, 1, 1, 'Intel Core i5-4690T @ 2.50GHz', 6410, NULL, NULL),
(453, 1, 1, 'Intel Core i5-4430 @ 3.00GHz', 6244, NULL, NULL),
(454, 1, 1, 'Intel Core i5-4670T @ 2.30GHz', 6229, NULL, NULL),
(455, 1, 1, 'Intel Core i5-4440S @ 2.80GHz', 6103, NULL, NULL),
(456, 1, 1, 'Intel Core i5-4430S @ 2.70GHz', 5926, NULL, NULL),
(457, 1, 1, 'Intel Core i3-4370 @ 3.80GHz', 5574, NULL, NULL),
(458, 1, 1, 'Intel Core i5-4590T @ 2.00GHz', 5475, NULL, NULL),
(459, 1, 1, 'Intel Core i3-4360 @ 3.70GHz', 5466, NULL, NULL),
(460, 1, 1, 'Intel Core i3-4350 @ 3.60GHz', 5302, NULL, NULL),
(461, 1, 1, 'Intel Core i3-4340 @ 3.60GHz', 5227, NULL, NULL),
(462, 1, 1, 'Intel Core i3-4170 @ 3.70GHz', 5152, NULL, NULL),
(463, 1, 1, 'Intel Core i3-4570T @ 2.90GHz', 5094, NULL, NULL),
(464, 1, 1, 'Intel Core i3-4330 @ 3.50GHz', 5063, NULL, NULL),
(465, 1, 1, 'Intel Core i3-4160 @ 3.60GHz', 5028, NULL, NULL),
(466, 1, 1, 'Intel Core i5-4460T @ 1.90GHz', 4926, NULL, NULL),
(467, 1, 1, 'Intel Core i3-4150 @ 3.50GHz', 4899, NULL, NULL),
(468, 1, 1, 'Intel Core i3-4130 @ 3.40GHz', 4771, NULL, NULL),
(469, 1, 1, 'Intel Core i5-4570T @ 2.90GHz', 4768, NULL, NULL),
(470, 1, 1, 'Intel Core i3-4360T @ 3.20GHz', 4630, NULL, NULL),
(471, 1, 1, 'Intel Core i3-4170T @ 3.20GHz', 4540, NULL, NULL),
(472, 1, 1, 'Intel Core i3-4330T @ 3.00GHz', 4515, NULL, NULL),
(473, 1, 1, 'Intel Core i3-4160T @ 3.10GHz', 4355, NULL, NULL),
(474, 1, 1, 'Intel Core i3-4150T @ 3.00GHz', 4202, NULL, NULL),
(475, 1, 1, 'Intel Core i3-4350T @ 3.10GHz', 4117, NULL, NULL),
(476, 1, 1, 'Intel Core i3-4130T @ 2.90GHz', 4103, NULL, NULL),
(477, 1, 1, 'Intel Pentium G3258 @ 3.20GHz', 3945, NULL, NULL),
(478, 1, 1, 'Intel Pentium G3450 @ 3.40GHz', 3739, NULL, NULL),
(479, 1, 1, 'Intel Pentium G3470 @ 3.60GHz', 3702, NULL, NULL),
(480, 1, 1, 'Intel Core i5-4570TE @ 2.70GHz', 3674, NULL, NULL),
(481, 1, 1, 'Intel Pentium G3460 @ 3.50GHz', 3573, NULL, NULL),
(482, 1, 1, 'Intel Pentium G3430 @ 3.30GHz', 3490, NULL, NULL),
(483, 1, 1, 'Intel Pentium G3440 @ 3.30GHz', 3438, NULL, NULL),
(484, 1, 1, 'Intel Pentium G3420 @ 3.20GHz', 3431, NULL, NULL),
(485, 1, 1, 'Intel Pentium G3260 @ 3.30GHz', 3411, NULL, NULL),
(486, 1, 1, 'Intel Pentium G3250 @ 3.20GHz', 3276, NULL, NULL),
(487, 1, 1, 'Intel Core i3-4330TE @ 2.40GHz', 3251, NULL, NULL),
(488, 1, 1, 'Intel Pentium G3240 @ 3.10GHz', 3214, NULL, NULL),
(489, 1, 1, 'Intel Pentium G3220 @ 3.00GHz', 3164, NULL, NULL),
(490, 1, 1, 'Intel Pentium G3440T @ 2.80GHz', 3101, NULL, NULL),
(491, 1, 1, 'Intel Pentium G3420T @ 2.70GHz', 3008, NULL, NULL),
(492, 1, 1, 'Intel Pentium G3250T @ 2.80GHz', 3008, NULL, NULL),
(493, 1, 1, 'Intel Celeron G1840 @ 2.80GHz', 3003, NULL, NULL),
(494, 1, 1, 'Intel Pentium G3450T @ 2.90GHz', 2967, NULL, NULL),
(495, 1, 1, 'Intel Pentium G3240T @ 2.70GHz', 2937, NULL, NULL),
(496, 1, 1, 'Intel Celeron G1850 @ 2.90GHz', 2924, NULL, NULL),
(497, 1, 1, 'Intel Pentium G3260T @ 2.90GHz', 2889, NULL, NULL),
(498, 1, 1, 'Intel Celeron G1820 @ 2.70GHz', 2779, NULL, NULL),
(499, 1, 1, 'Intel Celeron G1830 @ 2.80GHz', 2629, NULL, NULL),
(500, 1, 1, 'Intel Celeron G1840T @ 2.50GHz', 2620, NULL, NULL),
(501, 1, 1, 'Intel Pentium G3220T @ 2.60GHz', 2616, NULL, NULL),
(502, 1, 1, 'Intel Celeron G1820T @ 2.40GHz', 2487, NULL, NULL),
(503, 1, 1, 'Intel Pentium G3320TE @ 2.30GHz', 2389, NULL, NULL),
(504, 1, 1, 'Intel Celeron G1820TE @ 2.20GHz', 2230, NULL, NULL),
(505, 1, 1, 'Intel Xeon E3-1220L v3 @ 1.10GHz', 2110, NULL, NULL),
(506, 1, 1, 'Intel Core i7-3940XM @ 3.00GHz', 9372, NULL, NULL),
(507, 1, 1, 'Intel Core i7-3840QM @ 2.80GHz', 8862, NULL, NULL),
(508, 1, 1, 'Intel Core i7-3740QM @ 2.70GHz', 8371, NULL, NULL),
(509, 1, 1, 'Intel Core i7-3630QM @ 2.40GHz', 7600, NULL, NULL),
(510, 1, 1, 'Intel Core i7-3610QM @ 2.30GHz', 7458, NULL, NULL),
(511, 1, 1, 'Intel Core i7-2960XM @ 2.70GHz', 7228, NULL, NULL),
(512, 1, 1, 'Intel Core i7-3632QM @ 2.20GHz', 6926, NULL, NULL),
(513, 1, 1, 'Intel Core i7-3612QM @ 2.10GHz', 6829, NULL, NULL),
(514, 1, 1, 'Intel Core i7-2840QM @ 2.40GHz', 6766, NULL, NULL),
(515, 1, 1, 'Intel Core i7-3610QE @ 2.30GHz', 6193, NULL, NULL),
(516, 1, 1, 'Intel Core i7-2670QM @ 2.20GHz', 5925, NULL, NULL),
(517, 1, 1, 'Intel Core i7-2630QM @ 2.00GHz', 5550, NULL, NULL),
(518, 1, 1, 'Intel Core i7-2710QE @ 2.10GHz', 5496, NULL, NULL),
(519, 1, 1, 'Intel Core i7-3540M @ 3.00GHz', 4645, NULL, NULL),
(520, 1, 1, 'Intel Core i7-920XM @ 2.00GHz', 3815, NULL, NULL),
(521, 1, 1, 'Intel Core i5-3210M @ 2.50GHz', 3792, NULL, NULL),
(522, 1, 1, 'Intel Core i5-2510E @ 2.50GHz', 3614, NULL, NULL),
(523, 1, 1, 'Intel Core i5-2520M @ 2.50GHz', 3556, NULL, NULL),
(524, 1, 1, 'Intel Core i5-2430M @ 2.40GHz', 3276, NULL, NULL),
(525, 1, 1, 'Intel Core i3-2370M @ 2.40GHz', 2741, NULL, NULL),
(526, 1, 1, 'Intel Core i3-2350M @ 2.30GHz', 2611, NULL, NULL),
(527, 1, 1, 'Intel Core i3-2348M @ 2.30GHz', 2602, NULL, NULL),
(528, 1, 1, 'Intel Core i3-2332M @ 2.20GHz', 2382, NULL, NULL),
(529, 1, 1, 'Intel Core i3-2312M @ 2.10GHz', 2342, NULL, NULL),
(530, 1, 1, 'Intel Celeron B840 @ 1.90GHz', 1758, NULL, NULL),
(531, 1, 1, 'Intel Celeron B830 @ 1.80GHz', 1527, NULL, NULL),
(532, 1, 1, 'Intel Celeron B820 @ 1.70GHz', 1433, NULL, NULL),
(533, 1, 1, 'Intel Celeron B810 @ 1.60GHz', 1360, NULL, NULL),
(534, 1, 1, 'Intel Celeron B815 @ 1.60GHz', 1350, NULL, NULL),
(535, 1, 1, 'Intel Celeron B800 @ 1.50GHz', 1282, NULL, NULL),
(536, 1, 1, 'Intel Celeron B710 @ 1.60GHz', 186, NULL, NULL),
(537, 1, 1, 'Intel Xeon X5492 @ 3.40GHz', 4884, NULL, NULL),
(538, 1, 1, 'Intel Xeon X5470 @ 3.33GHz', 4681, NULL, NULL),
(539, 1, 1, 'Intel Core2 Extreme X9775 @ 3.20GHz', 4646, NULL, NULL),
(540, 1, 1, 'Intel Xeon X5482 @ 3.20GHz', 4629, NULL, NULL),
(541, 1, 1, 'Intel Xeon X5460 @ 3.16GHz', 4427, NULL, NULL),
(542, 1, 1, 'Intel Xeon E5472 @ 3.00GHz', 4293, NULL, NULL),
(543, 1, 1, 'Intel Xeon E5450 @ 3.00GHz', 4255, NULL, NULL),
(544, 1, 1, 'Intel Xeon X5450 @ 3.00GHz', 4185, NULL, NULL),
(545, 1, 1, 'Intel Xeon X5472 @ 3.00GHz', 4127, NULL, NULL),
(546, 1, 1, 'Intel Xeon X3363 @ 2.83GHz', 4099, NULL, NULL),
(547, 1, 1, 'Intel Xeon E5440 @ 2.83GHz', 4012, NULL, NULL),
(548, 1, 1, 'Intel Xeon E5462 @ 2.80GHz', 3962, NULL, NULL),
(549, 1, 1, 'Intel Xeon L5430 @ 2.66GHz', 3818, NULL, NULL),
(550, 1, 1, 'Intel Xeon E5430 @ 2.66GHz', 3811, NULL, NULL),
(551, 1, 1, 'Intel Xeon E5420 @ 2.50GHz', 3540, NULL, NULL),
(552, 1, 1, 'Intel Xeon L5420 @ 2.50GHz', 3501, NULL, NULL),
(553, 1, 1, 'Intel Xeon X5365 @ 3.00GHz', 3491, NULL, NULL),
(554, 1, 1, 'Intel Xeon L5410 @ 2.33GHz', 3469, NULL, NULL),
(555, 1, 1, 'Intel Xeon E5410 @ 2.33GHz', 3280, NULL, NULL),
(556, 1, 1, 'Intel Xeon X5355 @ 2.66GHz', 3266, NULL, NULL),
(557, 1, 1, 'Intel Xeon L5408 @ 2.13GHz', 3004, NULL, NULL),
(558, 1, 1, 'Intel Xeon E5345 @ 2.33GHz', 2951, NULL, NULL),
(559, 1, 1, 'Intel Xeon E5405 @ 2.00GHz', 2906, NULL, NULL),
(560, 1, 1, 'Intel Xeon L5335 @ 2.00GHz', 2756, NULL, NULL),
(561, 1, 1, 'Intel Xeon E5335 @ 2.00GHz', 2513, NULL, NULL),
(562, 1, 1, 'Intel Xeon X5270 @ 3.50GHz', 2499, NULL, NULL),
(563, 1, 1, 'Intel Xeon X5260 @ 3.33GHz', 2497, NULL, NULL),
(564, 1, 1, 'Intel Xeon E5240 @ 3.00GHz', 2424, NULL, NULL),
(565, 1, 1, 'Intel Xeon X5272 @ 3.40GHz', 2394, NULL, NULL),
(566, 1, 1, 'Intel Xeon E5320 @ 1.86GHz', 2293, NULL, NULL),
(567, 1, 1, 'Intel Xeon L5310 @ 1.60GHz', 2274, NULL, NULL),
(568, 1, 1, 'Intel Xeon L5240 @ 3.00GHz', 2271, NULL, NULL),
(569, 1, 1, 'Intel Xeon E5310 @ 1.60GHz', 2264, NULL, NULL),
(570, 1, 1, 'Intel Xeon L5320 @ 1.86GHz', 2135, NULL, NULL),
(571, 1, 1, 'Intel Xeon 5160 @ 3.00GHz', 1979, NULL, NULL),
(572, 1, 1, 'Intel Xeon L5238 @ 2.66GHz', 1823, NULL, NULL),
(573, 1, 1, 'Intel Xeon 5150 @ 2.66GHz', 1741, NULL, NULL),
(574, 1, 1, 'Intel Xeon 5140 @ 2.33GHz', 1645, NULL, NULL),
(575, 1, 1, 'Intel Xeon 5133 @ 2.20GHz', 1598, NULL, NULL),
(576, 1, 1, 'Intel Xeon 5148 @ 2.33GHz', 1590, NULL, NULL),
(577, 1, 1, 'Intel Xeon E5205 @ 1.86GHz', 1401, NULL, NULL),
(578, 1, 1, 'Intel Xeon 5130 @ 2.00GHz', 1379, NULL, NULL),
(579, 1, 1, 'Intel Xeon 5120 @ 1.86GHz', 1237, NULL, NULL),
(580, 1, 1, 'Intel Xeon 5110 @ 1.60GHz', 1079, NULL, NULL),
(581, 1, 1, 'Intel Core i7-7700K @ 4.20GHz', 12284, NULL, NULL),
(582, 1, 1, 'Intel Core i7-6700K @ 4.00GHz', 11112, NULL, NULL),
(583, 1, 1, 'Intel Core i7-7700 @ 3.60GHz', 10998, NULL, NULL),
(584, 1, 1, 'Intel Xeon E3-1280 v5 @ 3.70GHz', 10502, NULL, NULL),
(585, 1, 1, 'Intel Xeon E3-1240 v5 @ 3.50GHz', 10402, NULL, NULL),
(586, 1, 1, 'Intel Xeon E3-1275 v5 @ 3.60GHz', 10315, NULL, NULL),
(587, 1, 1, 'Intel Xeon E3-1245 v5 @ 3.50GHz', 10311, NULL, NULL),
(588, 1, 1, 'Intel Xeon E3-1270 v5 @ 3.60GHz', 10203, NULL, NULL),
(589, 1, 1, 'Intel Xeon E3-1260L v5 @ 2.90GHz', 10067, NULL, NULL),
(590, 1, 1, 'Intel Core i7-6700 @ 3.40GHz', 10031, NULL, NULL),
(591, 1, 1, 'Intel Core i7-6700TE @ 2.40GHz', 10002, NULL, NULL),
(592, 1, 1, 'Intel Core i7-6920HQ @ 2.90GHz', 9696, NULL, NULL),
(593, 1, 1, 'Intel Xeon E3-1230 v5 @ 3.40GHz', 9696, NULL, NULL),
(594, 1, 1, 'Intel Core i7-7700T @ 2.90GHz', 9454, NULL, NULL),
(595, 1, 1, 'Intel Core i5-7600K @ 3.80GHz', 9306, NULL, NULL),
(596, 1, 1, 'Intel Core i7-6700T @ 2.80GHz', 9039, NULL, NULL),
(597, 1, 1, 'Intel Core i5-7600 @ 3.50GHz', 8928, NULL, NULL),
(598, 1, 1, 'Intel Core i5-7600T @ 2.80GHz', 8455, NULL, NULL),
(599, 1, 1, 'Intel Core i5-7500 @ 3.40GHz', 8198, NULL, NULL),
(600, 1, 1, 'Intel Core i7-6700HQ @ 2.60GHz', 8119, NULL, NULL),
(601, 1, 1, 'Intel Core i5-6600K @ 3.50GHz', 7963, NULL, NULL),
(602, 1, 1, 'Intel Core i5-6600 @ 3.30GHz', 7818, NULL, NULL),
(603, 1, 1, 'Intel Xeon E3-1225 v5 @ 3.30GHz', 7653, NULL, NULL),
(604, 1, 1, 'Intel Core i5-6402P @ 2.80GHz', 7577, NULL, NULL),
(605, 1, 1, 'Intel Xeon E3-1220 v5 @ 3.00GHz', 7516, NULL, NULL),
(606, 1, 1, 'Intel Core i5-7400 @ 3.00GHz', 7320, NULL, NULL),
(607, 1, 1, 'Intel Core i5-6600T @ 2.70GHz', 7204, NULL, NULL),
(608, 1, 1, 'Intel Core i5-6500 @ 3.20GHz', 7164, NULL, NULL),
(609, 1, 1, 'Intel Core i5-7500T @ 2.70GHz', 7055, NULL, NULL),
(610, 1, 1, 'Intel Core i3-7320 @ 4.10GHz', 6926, NULL, NULL),
(611, 1, 1, 'Intel Core i3-7350K @ 4.20GHz', 6922, NULL, NULL),
(612, 1, 1, 'Intel Core i5-7400T @ 2.40GHz', 6779, NULL, NULL),
(613, 1, 1, 'Intel Core i5-6400 @ 2.70GHz', 6671, NULL, NULL),
(614, 1, 1, 'Intel Core i5-6440HQ @ 2.60GHz', 6618, NULL, NULL),
(615, 1, 1, 'Intel Core i7-6822EQ @ 2.00GHz', 6489, NULL, NULL),
(616, 1, 1, 'Intel Core i3-7300 @ 4.00GHz', 6357, NULL, NULL),
(617, 1, 1, 'Intel Core i5-6500T @ 2.50GHz', 6129, NULL, NULL),
(618, 1, 1, 'Intel Core i3-6320 @ 3.90GHz', 6034, NULL, NULL),
(619, 1, 1, 'Intel Core i3-7100 @ 3.90GHz', 6024, NULL, NULL),
(620, 1, 1, 'Intel Core i5-6500TE @ 2.30GHz', 5979, NULL, NULL),
(621, 1, 1, 'Intel Core i5-6300HQ @ 2.30GHz', 5979, NULL, NULL),
(622, 1, 1, 'Intel Core i3-6300 @ 3.80GHz', 5799, NULL, NULL),
(623, 1, 1, 'Intel Core i3-6098P @ 3.60GHz', 5646, NULL, NULL),
(624, 1, 1, 'Intel Core i5-6400T @ 2.20GHz', 5496, NULL, NULL),
(625, 1, 1, 'Intel Core i3-7100T @ 3.40GHz', 5493, NULL, NULL),
(626, 1, 1, 'Intel Core i3-6100 @ 3.70GHz', 5453, NULL, NULL),
(627, 1, 1, 'Intel Pentium G4600 @ 3.60GHz', 5293, NULL, NULL),
(628, 1, 1, 'Intel Pentium G4560 @ 3.50GHz', 5225, NULL, NULL),
(629, 1, 1, 'Intel Core i3-6300T @ 3.30GHz', 5199, NULL, NULL),
(630, 1, 1, 'Intel Pentium G4620 @ 3.70GHz', 4912, NULL, NULL),
(631, 1, 1, 'Intel Core i3-6100T @ 3.20GHz', 4790, NULL, NULL),
(632, 1, 1, 'Intel Core i3-6100TE @ 2.70GHz', 4311, NULL, NULL),
(633, 1, 1, 'Intel Pentium G4520 @ 3.60GHz', 4205, NULL, NULL),
(634, 1, 1, 'Intel Pentium G4500 @ 3.50GHz', 4006, NULL, NULL),
(635, 1, 1, 'Intel Core i3-6100H @ 2.70GHz', 3951, NULL, NULL),
(636, 1, 1, 'Intel Core i3-6100E @ 2.70GHz', 3694, NULL, NULL),
(637, 1, 1, 'Intel Pentium G4400 @ 3.30GHz', 3616, NULL, NULL),
(638, 1, 1, 'Intel Celeron G3900 @ 2.80GHz', 3564, NULL, NULL),
(639, 1, 1, 'Intel Celeron G3920 @ 2.90GHz', 3526, NULL, NULL),
(640, 1, 1, 'Intel Pentium G4500T @ 3.00GHz', 3490, NULL, NULL),
(641, 1, 1, 'Intel Pentium G4400T @ 2.90GHz', 3246, NULL, NULL),
(642, 1, 1, 'Intel Celeron G3930 @ 2.90GHz', 2852, NULL, NULL),
(643, 1, 1, 'Intel Xeon E5-2679 v4 @ 2.50GHz', 25236, NULL, NULL),
(644, 1, 1, 'Intel Xeon E5-2673 v4 @ 2.30GHz', 24201, NULL, NULL),
(645, 1, 1, 'Intel Xeon E5-2697 v4 @ 2.30GHz', 23070, NULL, NULL),
(646, 1, 1, 'Intel Xeon E5-2699 v4 @ 2.20GHz', 23011, NULL, NULL),
(647, 1, 1, 'Intel Xeon E5-2696 v3 @ 2.30GHz', 22743, NULL, NULL),
(648, 1, 1, 'Intel Xeon E5-2699 v3 @ 2.30GHz', 22520, NULL, NULL),
(649, 1, 1, 'Intel Xeon E5-2696 v4 @ 2.20GHz', 22041, NULL, NULL),
(650, 1, 1, 'Intel Xeon E5-2690 v4 @ 2.60GHz', 22029, NULL, NULL),
(651, 1, 1, 'Intel Xeon E5-2698 v3 @ 2.30GHz', 21670, NULL, NULL),
(652, 1, 1, 'Intel Xeon E5-2697 v3 @ 2.60GHz', 21652, NULL, NULL),
(653, 1, 1, 'Intel Xeon E5-2698 v4 @ 2.20GHz', 21529, NULL, NULL),
(654, 1, 1, 'Intel Xeon E5-2695 v3 @ 2.30GHz', 20663, NULL, NULL),
(655, 1, 1, 'Intel Xeon E5-2687W v4 @ 3.00GHz', 20203, NULL, NULL),
(656, 1, 1, 'Intel Xeon E5-2695 v4 @ 2.10GHz', 20043, NULL, NULL),
(657, 1, 1, 'Intel Xeon E5-2680 v4 @ 2.40GHz', 19955, NULL, NULL),
(658, 1, 1, 'Intel Core i7-6950X @ 3.00GHz', 19950, NULL, NULL),
(659, 1, 1, 'Intel Xeon E5-2690 v3 @ 2.60GHz', 19602, NULL, NULL),
(660, 1, 1, 'Intel Xeon E5-2686 v3 @ 2.00GHz', 19255, NULL, NULL),
(661, 1, 1, 'Intel Xeon E5-2680 v3 @ 2.50GHz', 18817, NULL, NULL),
(662, 1, 1, 'Intel Xeon E5-2660 v4 @ 2.00GHz', 18816, NULL, NULL),
(663, 1, 1, 'Intel Xeon E5-1681 v3 @ 2.90GHz', 18367, NULL, NULL),
(664, 1, 1, 'Intel Xeon E5-2683 v3 @ 2.00GHz', 17812, NULL, NULL),
(665, 1, 1, 'Intel Xeon E5-2687W v3 @ 3.10GHz', 17795, NULL, NULL),
(666, 1, 1, 'Intel Xeon E5-2676 v3 @ 2.40GHz', 17795, NULL, NULL),
(667, 1, 1, 'Intel Core i7-6900K @ 3.20GHz', 17686, NULL, NULL),
(668, 1, 1, 'Intel Xeon E5-2673 v3 @ 2.40GHz', 16921, NULL, NULL),
(669, 1, 1, 'Intel Xeon E5-1680 v4 @ 3.40GHz', 16684, NULL, NULL),
(670, 1, 1, 'Intel Xeon E5-1680 v3 @ 3.20GHz', 16667, NULL, NULL),
(671, 1, 1, 'Intel Xeon E5-2678 v3 @ 2.50GHz', 16618, NULL, NULL),
(672, 1, 1, 'Intel Xeon E5-2658 v3 @ 2.20GHz', 16561, NULL, NULL),
(673, 1, 1, 'Intel Xeon E5-2670 v3 @ 2.30GHz', 16549, NULL, NULL),
(674, 1, 1, 'Intel Xeon E5-2660 v3 @ 2.60GHz', 16161, NULL, NULL),
(675, 1, 1, 'Intel Xeon E5-2667 v3 @ 3.20GHz', 16125, NULL, NULL),
(676, 1, 1, 'Intel Xeon E5-2650 v4 @ 2.20GHz', 15994, NULL, NULL),
(677, 1, 1, 'Intel Core i7-5960X @ 3.00GHz', 15979, NULL, NULL),
(678, 1, 1, 'Intel Xeon E5-1660 v4 @ 3.20GHz', 15861, NULL, NULL),
(679, 1, 1, 'Intel Xeon E5-2640 v4 @ 2.40GHz', 15270, NULL, NULL),
(680, 1, 1, 'Intel Xeon E5-2675 v3 @ 1.80GHz', 15172, NULL, NULL),
(681, 1, 1, 'Intel Xeon E5-2650 v3 @ 2.30GHz', 15028, NULL, NULL),
(682, 1, 1, 'Intel Core i7-6850K @ 3.60GHz', 14510, NULL, NULL),
(683, 1, 1, 'Intel Xeon E5-1650 v4 @ 3.60GHz', 14324, NULL, NULL),
(684, 1, 1, 'Intel Xeon E5-1660 v3 @ 3.00GHz', 14277, NULL, NULL),
(685, 1, 1, 'Intel Xeon E5-2685 v3 @ 2.60GHz', 14154, NULL, NULL),
(686, 1, 1, 'Intel Xeon E5-2630 v4 @ 2.20GHz', 14117, NULL, NULL),
(687, 1, 1, 'Intel Xeon E5-2640 v3 @ 2.60GHz', 14094, NULL, NULL),
(688, 1, 1, 'Intel Xeon E5-2643 v4 @ 3.40GHz', 14031, NULL, NULL),
(689, 1, 1, 'Intel Xeon E5-2643 v3 @ 3.40GHz', 13852, NULL, NULL),
(690, 1, 1, 'Intel Xeon E5-2663 v3 @ 2.80GHz', 13802, NULL, NULL),
(691, 1, 1, 'Intel Core i7-5930K @ 3.50GHz', 13636, NULL, NULL),
(692, 1, 1, 'Intel Core i7-6800K @ 3.40GHz', 13565, NULL, NULL),
(693, 1, 1, 'Intel Xeon E5-1650 v3 @ 3.50GHz', 13533, NULL, NULL),
(694, 1, 1, 'Intel Xeon E5-2650L v3 @ 1.80GHz', 13132, NULL, NULL),
(695, 1, 1, 'Intel Core i7-5820K @ 3.30GHz', 12986, NULL, NULL),
(696, 1, 1, 'Intel Xeon E5-2630L v4 @ 1.80GHz', 12847, NULL, NULL),
(697, 1, 1, 'Intel Xeon E5-2628L v3 @ 2.00GHz', 12844, NULL, NULL),
(698, 1, 1, 'Intel Xeon E5-2630 v3 @ 2.40GHz', 12808, NULL, NULL),
(699, 1, 1, 'Intel Xeon E5-2648L v3 @ 1.80GHz', 12332, NULL, NULL),
(700, 1, 1, 'Intel Xeon E5-2629 v3 @ 2.40GHz', 11446, NULL, NULL),
(701, 1, 1, 'Intel Xeon E5-2620 v4 @ 2.10GHz', 11340, NULL, NULL),
(702, 1, 1, 'Intel Xeon E5-2630L v3 @ 1.80GHz', 11201, NULL, NULL),
(703, 1, 1, 'Intel Xeon E5-2637 v3 @ 3.50GHz', 10281, NULL, NULL),
(704, 1, 1, 'Intel Xeon E5-1630 v4 @ 3.70GHz', 10250, NULL, NULL),
(705, 1, 1, 'Intel Xeon E5-1630 v3 @ 3.70GHz', 10217, NULL, NULL),
(706, 1, 1, 'Intel Xeon E5-1620 v4 @ 3.50GHz', 10013, NULL, NULL),
(707, 1, 1, 'Intel Xeon E5-2620 v3 @ 2.40GHz', 9987, NULL, NULL),
(708, 1, 1, 'Intel Xeon E5-2637 v4 @ 3.50GHz', 9858, NULL, NULL),
(709, 1, 1, 'Intel Xeon E5-1620 v3 @ 3.50GHz', 9714, NULL, NULL),
(710, 1, 1, 'Intel Xeon E5-2623 v3 @ 3.00GHz', 9097, NULL, NULL),
(711, 1, 1, 'Intel Xeon E5-2623 v4 @ 2.60GHz', 8302, NULL, NULL),
(712, 1, 1, 'Intel Xeon E5-1607 v4 @ 3.10GHz', 7480, NULL, NULL),
(713, 1, 1, 'Intel Xeon E5-1607 v3 @ 3.10GHz', 6862, NULL, NULL),
(714, 1, 1, 'Intel Xeon E5-2609 v4 @ 1.70GHz', 6488, NULL, NULL),
(715, 1, 1, 'Intel Xeon E5-1603 v3 @ 2.80GHz', 5945, NULL, NULL),
(716, 1, 1, 'Intel Xeon E5-2609 v3 @ 1.90GHz', 5873, NULL, NULL),
(717, 1, 1, 'Intel Xeon E5-1603 v4 @ 2.80GHz', 5375, NULL, NULL),
(718, 1, 1, 'Intel Xeon E5-2603 v4 @ 1.70GHz', 5247, NULL, NULL),
(719, 1, 1, 'Intel Xeon E5-2603 v3 @ 1.60GHz', 5062, NULL, NULL),
(720, 2, 1, 'AMD PRO A12-8870', 6259, NULL, NULL),
(721, 2, 1, 'AMD PRO A12-9800', 6225, NULL, NULL),
(722, 2, 1, 'AMD PRO A10-8770', 5742, NULL, NULL),
(723, 2, 1, 'AMD PRO A10-9700', 5693, NULL, NULL),
(724, 2, 1, 'AMD A12-9800', 5644, NULL, NULL),
(725, 2, 1, 'AMD A10-9700', 5568, NULL, NULL),
(726, 2, 1, 'AMD PRO A8-9600', 5323, NULL, NULL),
(727, 2, 1, 'AMD PRO A10-9700E', 5164, NULL, NULL),
(728, 2, 1, 'AMD PRO A12-9800E', 4877, NULL, NULL),
(729, 2, 1, 'AMD PRO A12-8870E', 4743, NULL, NULL),
(730, 2, 1, 'AMD PRO A10-8770E', 4725, NULL, NULL),
(731, 2, 1, 'AMD PRO A6-9500', 3271, NULL, NULL),
(732, 2, 1, 'AMD PRO A6-8570', 3264, NULL, NULL),
(733, 2, 1, 'AMD A6-9500', 3212, NULL, NULL),
(734, 2, 1, 'AMD PRO A6-9500E', 2957, NULL, NULL),
(735, 2, 1, 'AMD FX-9590 Eight-Core', 10274, NULL, NULL),
(736, 2, 1, 'AMD FX-9370 Eight-Core', 9498, NULL, NULL),
(737, 2, 1, 'AMD FX-8370 Eight-Core', 8981, NULL, NULL),
(738, 2, 1, 'AMD FX-8350 Eight-Core', 8937, NULL, NULL),
(739, 2, 1, 'AMD FX-8320 Eight-Core', 8008, NULL, NULL),
(740, 2, 1, 'AMD FX-8370E Eight-Core', 7761, NULL, NULL),
(741, 2, 1, 'AMD FX-8310 Eight-Core', 7735, NULL, NULL),
(742, 2, 1, 'AMD FX-8300 Eight-Core', 7629, NULL, NULL),
(743, 2, 1, 'AMD FX-8150 Eight-Core', 7618, NULL, NULL),
(744, 2, 1, 'AMD FX-8320E Eight-Core', 7484, NULL, NULL),
(745, 2, 1, 'AMD FX-6350 Six-Core', 6957, NULL, NULL),
(746, 2, 1, 'AMD FX-8120 Eight-Core', 6579, NULL, NULL),
(747, 2, 1, 'AMD FX-6300 Six-Core', 6345, NULL, NULL),
(748, 2, 1, 'AMD FX-6200 Six-Core', 6107, NULL, NULL),
(749, 2, 1, 'AMD FX-8100 Eight-Core', 6067, NULL, NULL),
(750, 2, 1, 'AMD FX-8140 Eight-Core', 5854, NULL, NULL),
(751, 2, 1, 'AMD Phenom II X6 1100T', 5794, NULL, NULL),
(752, 2, 1, 'AMD Opteron 3365', 5765, NULL, NULL),
(753, 2, 1, 'AMD FX-6120 Six-Core', 5735, NULL, NULL),
(754, 2, 1, 'AMD Phenom II X6 1090T', 5642, NULL, NULL),
(755, 2, 1, 'AMD Phenom II X6 1075T', 5398, NULL, NULL),
(756, 2, 1, 'AMD FX-6100 Six-Core', 5398, NULL, NULL),
(757, 2, 1, 'AMD FX-4330', 5297, NULL, NULL),
(758, 2, 1, 'AMD FX-4350 Quad-Core', 5275, NULL, NULL),
(759, 2, 1, 'AMD Opteron 3280', 5271, NULL, NULL),
(760, 2, 1, 'AMD Phenom II X6 1065T', 5168, NULL, NULL),
(761, 2, 1, 'AMD Phenom II X6 1055T', 5018, NULL, NULL),
(762, 2, 1, 'AMD FX-4320', 4984, NULL, NULL),
(763, 2, 1, 'AMD Phenom II X6 1045T', 4867, NULL, NULL),
(764, 2, 1, 'AMD FX-4170 Quad-Core', 4825, NULL, NULL),
(765, 2, 1, 'AMD Phenom II X6 1035T', 4725, NULL, NULL),
(766, 2, 1, 'AMD FX-4300 Quad-Core', 4633, NULL, NULL),
(767, 2, 1, 'AMD FX-B4150 Quad-Core', 4611, NULL, NULL),
(768, 2, 1, 'AMD FX-4150 Quad-Core', 4579, NULL, NULL),
(769, 2, 1, 'AMD Phenom II X4 975', 4543, NULL, NULL),
(770, 2, 1, 'AMD Phenom II X4 980', 4542, NULL, NULL),
(771, 2, 1, 'AMD Phenom II X4 970', 4391, NULL, NULL),
(772, 2, 1, 'AMD Phenom II X4 965', 4228, NULL, NULL),
(773, 2, 1, 'AMD FX-4200 Quad-Core', 4205, NULL, NULL),
(774, 2, 1, 'AMD Phenom II X4 B65', 4177, NULL, NULL),
(775, 2, 1, 'AMD FX-4130 Quad-Core', 4152, NULL, NULL),
(776, 2, 1, 'AMD FX-4100 Quad-Core', 4038, NULL, NULL),
(777, 2, 1, 'AMD Phenom II X4 955', 3979, NULL, NULL),
(778, 2, 1, 'AMD Phenom II X4 B55', 3882, NULL, NULL),
(779, 2, 1, 'AMD Phenom II X4 960T', 3817, NULL, NULL),
(780, 2, 1, 'AMD Phenom II X4 B95', 3779, NULL, NULL),
(781, 2, 1, 'AMD Phenom II X4 B50', 3728, NULL, NULL),
(782, 2, 1, 'AMD Phenom II X4 945', 3700, NULL, NULL),
(783, 2, 1, 'AMD Phenom II X4 840T', 3628, NULL, NULL),
(784, 2, 1, 'AMD Phenom II X4 B25', 3541, NULL, NULL),
(785, 2, 1, 'AMD Phenom II X4 850', 3536, NULL, NULL),
(786, 2, 1, 'AMD Phenom II X4 840', 3525, NULL, NULL),
(787, 2, 1, 'AMD Athlon II X4 645', 3500, NULL, NULL),
(788, 2, 1, 'AMD Phenom II X4 830', 3472, NULL, NULL),
(789, 2, 1, 'Quad-Core AMD Opteron 1385', 3462, NULL, NULL),
(790, 2, 1, 'AMD Phenom II X4 B35', 3446, NULL, NULL),
(791, 2, 1, 'AMD Phenom II X4 925', 3441, NULL, NULL),
(792, 2, 1, 'AMD Phenom II X4 820', 3438, NULL, NULL),
(793, 2, 1, 'AMD Phenom II X4 B93', 3377, NULL, NULL),
(794, 2, 1, 'AMD Phenom II X4 910e', 3368, NULL, NULL),
(795, 2, 1, 'AMD Athlon II X4 640', 3337, NULL, NULL),
(796, 2, 1, 'AMD Phenom II X3 B77', 3288, NULL, NULL),
(797, 2, 1, 'AMD Phenom II X4 910', 3282, NULL, NULL),
(798, 2, 1, 'AMD Athlon II X4 635', 3274, NULL, NULL),
(799, 2, 1, 'AMD Opteron 3260 HE', 3259, NULL, NULL),
(800, 2, 1, 'AMD Phenom II X4 810', 3160, NULL, NULL),
(801, 2, 1, 'AMD Phenom II X3 B75', 3156, NULL, NULL),
(802, 2, 1, 'AMD Athlon II X4 630', 3156, NULL, NULL),
(803, 2, 1, 'AMD Phenom II X4 905e', 3080, NULL, NULL),
(804, 2, 1, 'AMD Opteron 1381', 3065, NULL, NULL),
(805, 2, 1, 'AMD Phenom II X4 805', 3007, NULL, NULL),
(806, 2, 1, 'AMD Athlon II X4 620', 2954, NULL, NULL),
(807, 2, 1, 'AMD Phenom FX-5200 Quad-Core', 2948, NULL, NULL),
(808, 2, 1, 'AMD Athlon II X4 620e', 2906, NULL, NULL),
(809, 2, 1, 'AMD Athlon II X4 615e', 2885, NULL, NULL),
(810, 2, 1, 'AMD Athlon II X3 460', 2883, NULL, NULL),
(811, 2, 1, 'AMD Phenom II X4 900e', 2853, NULL, NULL),
(812, 2, 1, 'AMD Athlon II X4 610e', 2811, NULL, NULL),
(813, 2, 1, 'AMD Athlon II X3 455', 2791, NULL, NULL),
(814, 2, 1, 'AMD Phenom II X3 B73', 2749, NULL, NULL),
(815, 2, 1, 'AMD Phenom II X4 B15e', 2736, NULL, NULL),
(816, 2, 1, 'AMD Athlon II X4 605e', 2733, NULL, NULL),
(817, 2, 1, 'AMD Phenom II X3 720', 2697, NULL, NULL),
(818, 2, 1, 'AMD Athlon II X3 450', 2624, NULL, NULL),
(819, 2, 1, 'AMD Athlon II X3 445', 2582, NULL, NULL),
(820, 2, 1, 'AMD Athlon II X3 440', 2571, NULL, NULL),
(821, 2, 1, 'AMD Opteron 3320 EE', 2532, NULL, NULL);
INSERT INTO `product` (`id`, `vendor_id`, `type_id`, `name`, `rate`, `rateInfo`, `price`) VALUES
(822, 2, 1, 'AMD Athlon II X3 435', 2477, NULL, NULL),
(823, 2, 1, 'AMD Phenom II X3 710', 2450, NULL, NULL),
(824, 2, 1, 'AMD Athlon X3 455', 2401, NULL, NULL),
(825, 2, 1, 'AMD Athlon II X4 600e', 2342, NULL, NULL),
(826, 2, 1, 'AMD Athlon II X3 425', 2329, NULL, NULL),
(827, 2, 1, 'AMD Athlon X2 280', 2303, NULL, NULL),
(828, 2, 1, 'AMD Athlon II X3 420e', 2286, NULL, NULL),
(829, 2, 1, 'AMD Athlon II X3 415e', 2246, NULL, NULL),
(830, 2, 1, 'AMD Phenom II X3 705e', 2244, NULL, NULL),
(831, 2, 1, 'AMD Athlon II X3 425e', 2239, NULL, NULL),
(832, 2, 1, 'AMD Phenom II X3 700e', 2232, NULL, NULL),
(833, 2, 1, 'AMD Phenom II X2 565', 2189, NULL, NULL),
(834, 2, 1, 'AMD Athlon II X2 280', 2177, NULL, NULL),
(835, 2, 1, 'AMD Phenom II X2 B59', 2137, NULL, NULL),
(836, 2, 1, 'AMD Phenom II X2 511', 2113, NULL, NULL),
(837, 2, 1, 'AMD Athlon II X2 B28', 2109, NULL, NULL),
(838, 2, 1, 'AMD Phenom II X2 521', 2088, NULL, NULL),
(839, 2, 1, 'AMD Phenom II X2 560', 2064, NULL, NULL),
(840, 2, 1, 'AMD Phenom II X2 555', 2048, NULL, NULL),
(841, 2, 1, 'AMD Athlon II X3 405e', 2041, NULL, NULL),
(842, 2, 1, 'AMD Phenom II X2 550', 2031, NULL, NULL),
(843, 2, 1, 'AMD Athlon II X3 400e', 2015, NULL, NULL),
(844, 2, 1, 'AMD Athlon II X2 270', 1988, NULL, NULL),
(845, 2, 1, 'AMD Phenom II X2 B55', 1953, NULL, NULL),
(846, 2, 1, 'AMD Athlon II X2 250e', 1949, NULL, NULL),
(847, 2, 1, 'AMD Phenom II X2 545', 1890, NULL, NULL),
(848, 2, 1, 'AMD Athlon II X2 260', 1884, NULL, NULL),
(849, 2, 1, 'AMD Athlon II X2 265', 1870, NULL, NULL),
(850, 2, 1, 'AMD Phenom II X2 570', 1859, NULL, NULL),
(851, 2, 1, 'AMD Athlon II X2 255', 1842, NULL, NULL),
(852, 2, 1, 'AMD Athlon II X2 B24', 1815, NULL, NULL),
(853, 2, 1, 'AMD Athlon II X2 250', 1750, NULL, NULL),
(854, 2, 1, 'AMD Athlon II X2 240e', 1716, NULL, NULL),
(855, 2, 1, 'AMD Athlon II X2 245e', 1710, NULL, NULL),
(856, 2, 1, 'AMD Athlon II X2 B22', 1693, NULL, NULL),
(857, 2, 1, 'AMD Athlon II X2 245', 1688, NULL, NULL),
(858, 2, 1, 'AMD Athlon II X2 235e', 1658, NULL, NULL),
(859, 2, 1, 'AMD Phenom II X2 B53', 1646, NULL, NULL),
(860, 2, 1, 'AMD Athlon II X2 240', 1642, NULL, NULL),
(861, 2, 1, 'AMD Athlon II X2 220', 1630, NULL, NULL),
(862, 2, 1, 'AMD Athlon X2 255', 1627, NULL, NULL),
(863, 2, 1, 'AMD Athlon II X2 215', 1582, NULL, NULL),
(864, 2, 1, 'AMD Sempron X2 190', 1529, NULL, NULL),
(865, 2, 1, 'AMD Athlon II X2 225', 1526, NULL, NULL),
(866, 2, 1, 'AMD Athlon II X2 210e', 1486, NULL, NULL),
(867, 2, 1, 'AMD Athlon II X2 270u', 1350, NULL, NULL),
(868, 2, 1, 'AMD Athlon II X2 260u', 1124, NULL, NULL),
(869, 2, 1, 'AMD Athlon II X2 250u', 1005, NULL, NULL),
(870, 2, 1, 'AMD Sempron 145', 805, NULL, NULL),
(871, 2, 1, 'AMD Sempron 140', 733, NULL, NULL),
(872, 2, 1, 'AMD Sempron 130', 731, NULL, NULL),
(873, 2, 1, 'AMD Sempron 150', 654, NULL, NULL),
(874, 2, 1, 'AMD Athlon II 170u', 627, NULL, NULL),
(875, 2, 1, 'AMD Phenom II X4 B70', 4426, NULL, NULL),
(876, 2, 1, 'AMD Phenom II X4 B65 AM2+', 4177, NULL, NULL),
(877, 2, 1, 'AMD Phenom II X4 B55 AM2+', 3882, NULL, NULL),
(878, 2, 1, 'AMD Phenom II X4 B50 AM2+', 3728, NULL, NULL),
(879, 2, 1, 'AMD Phenom II X4 840T AM2+', 3628, NULL, NULL),
(880, 2, 1, 'AMD Phenom II X4 940', 3624, NULL, NULL),
(881, 2, 1, 'AMD Phenom FX-7750 Quad-Core', 3616, NULL, NULL),
(882, 2, 1, 'AMD Phenom II X4 B25 AM2+', 3541, NULL, NULL),
(883, 2, 1, 'AMD Phenom II X4 850 AM2+', 3536, NULL, NULL),
(884, 2, 1, 'AMD Phenom II X4 840 AM2+', 3525, NULL, NULL),
(885, 2, 1, 'AMD Phenom II X4 830 AM2+', 3472, NULL, NULL),
(886, 2, 1, 'Quad-Core AMD Opteron 1385 AM2+', 3462, NULL, NULL),
(887, 2, 1, 'AMD Phenom II X4 B35 AM2+', 3446, NULL, NULL),
(888, 2, 1, 'AMD Phenom II X4 920', 3417, NULL, NULL),
(889, 2, 1, 'AMD Phenom II X3 B77 AM2+', 3288, NULL, NULL),
(890, 2, 1, 'Quad-Core AMD Opteron 1389', 3046, NULL, NULL),
(891, 2, 1, 'AMD Phenom 9950 Quad-Core', 3035, NULL, NULL),
(892, 2, 1, 'AMD Phenom X4 Quad-Core GP-9730', 3033, NULL, NULL),
(893, 2, 1, 'AMD Phenom 9850 Quad-Core', 2895, NULL, NULL),
(894, 2, 1, 'AMD Athlon II X4 655', 2880, NULL, NULL),
(895, 2, 1, 'AMD Phenom 9750 Quad-Core', 2829, NULL, NULL),
(896, 2, 1, 'AMD Opteron 1356', 2765, NULL, NULL),
(897, 2, 1, 'AMD Phenom II X4 B15e AM2+', 2736, NULL, NULL),
(898, 2, 1, 'AMD Phenom 9750B Quad-Core', 2709, NULL, NULL),
(899, 2, 1, 'AMD Phenom II X3 715', 2649, NULL, NULL),
(900, 2, 1, 'AMD Phenom 9650 Quad-Core', 2639, NULL, NULL),
(901, 2, 1, 'AMD Phenom 9450e Quad-Core', 2621, NULL, NULL),
(902, 2, 1, 'AMD Opteron 1354', 2594, NULL, NULL),
(903, 2, 1, 'AMD Phenom 9600B Quad-Core', 2573, NULL, NULL),
(904, 2, 1, 'AMD Phenom 9550 Quad-Core', 2556, NULL, NULL),
(905, 2, 1, 'AMD Phenom FX-5000 Quad-Core', 2518, NULL, NULL),
(906, 2, 1, 'AMD Athlon X3 455 AM2+', 2401, NULL, NULL),
(907, 2, 1, 'AMD Opteron 1352', 2368, NULL, NULL),
(908, 2, 1, 'AMD Phenom 9350e Quad-Core', 2329, NULL, NULL),
(909, 2, 1, 'AMD Phenom 9600 Quad-Core', 2308, NULL, NULL),
(910, 2, 1, 'AMD Phenom X4 Quad-Core GP-9600', 2235, NULL, NULL),
(911, 2, 1, 'AMD Phenom 9500 Quad-Core', 2219, NULL, NULL),
(912, 2, 1, 'AMD Phenom II X2 565 AM2+', 2189, NULL, NULL),
(913, 2, 1, 'AMD Phenom II X2 B59 AM2+', 2137, NULL, NULL),
(914, 2, 1, 'AMD Phenom 9150e Quad-Core', 2127, NULL, NULL),
(915, 2, 1, 'AMD Phenom II X2 511 AM2+', 2113, NULL, NULL),
(916, 2, 1, 'AMD Phenom 8850 Triple-Core', 2109, NULL, NULL),
(917, 2, 1, 'AMD Phenom II X2 521 AM2+', 2088, NULL, NULL),
(918, 2, 1, 'AMD Phenom 8750B Triple-Core', 2077, NULL, NULL),
(919, 2, 1, 'AMD Phenom 8750 Triple-Core', 2071, NULL, NULL),
(920, 2, 1, 'AMD Phenom II X2 560 AM2+', 2064, NULL, NULL),
(921, 2, 1, 'AMD Phenom II X2 555 AM2+', 2048, NULL, NULL),
(922, 2, 1, 'AMD Phenom 8450e Triple-Core', 2035, NULL, NULL),
(923, 2, 1, 'AMD Phenom II X2 550 AM2+', 2031, NULL, NULL),
(924, 2, 1, 'AMD Phenom 8650 Triple-Core', 2004, NULL, NULL),
(925, 2, 1, 'AMD Phenom X4 Quad-Core GP-9530', 1994, NULL, NULL),
(926, 2, 1, 'AMD Phenom 8600B Triple-Core', 1931, NULL, NULL),
(927, 2, 1, 'AMD Phenom X3 8550', 1930, NULL, NULL),
(928, 2, 1, 'AMD Phenom II X2 545 AM2+', 1890, NULL, NULL),
(929, 2, 1, 'AMD Phenom 8450 Triple-Core', 1885, NULL, NULL),
(930, 2, 1, 'AMD Phenom 9100e Quad-Core', 1864, NULL, NULL),
(931, 2, 1, 'AMD Athlon 64 X2 Dual Core 6400+', 1793, NULL, NULL),
(932, 2, 1, 'AMD Opteron 1222', 1757, NULL, NULL),
(933, 2, 1, 'AMD Phenom X4 Quad-Core GP-9500', 1710, NULL, NULL),
(934, 2, 1, 'AMD Athlon 7850 Dual-Core', 1707, NULL, NULL),
(935, 2, 1, 'AMD Phenom 8600 Triple-Core', 1697, NULL, NULL),
(936, 2, 1, 'AMD Athlon II X2 245 AM2+', 1688, NULL, NULL),
(937, 2, 1, 'AMD Phenom 8400 Triple-Core', 1658, NULL, NULL),
(938, 2, 1, 'AMD Athlon X2 255 AM2+', 1627, NULL, NULL),
(939, 2, 1, 'AMD Opteron 1220', 1612, NULL, NULL),
(940, 2, 1, 'AMD Athlon 64 X2 Dual Core 6000+', 1606, NULL, NULL),
(941, 2, 1, 'AMD Athlon 7750 Dual-Core', 1575, NULL, NULL),
(942, 2, 1, 'AMD Athlon 64 FX-62 Dual Core', 1571, NULL, NULL),
(943, 2, 1, 'AMD Sempron X2 190 AM2+', 1529, NULL, NULL),
(944, 2, 1, 'AMD Athlon II X2 225 AM2+', 1526, NULL, NULL),
(945, 2, 1, 'AMD Athlon II X2 4450e', 1504, NULL, NULL),
(946, 2, 1, 'AMD Athlon Dual Core 4850B', 1471, NULL, NULL),
(947, 2, 1, 'AMD Athlon 64 X2 Dual Core 5600+', 1471, NULL, NULL),
(948, 2, 1, 'AMD Opteron 1218', 1468, NULL, NULL),
(949, 2, 1, 'AMD Athlon 7550 Dual-Core', 1451, NULL, NULL),
(950, 2, 1, 'AMD Athlon 64 X2 Dual Core 5400+', 1446, NULL, NULL),
(951, 2, 1, 'AMD Opteron 1218 HE', 1444, NULL, NULL),
(952, 2, 1, 'AMD Athlon 7450 Dual-Core', 1421, NULL, NULL),
(953, 2, 1, 'AMD Athlon Dual Core 5400B', 1413, NULL, NULL),
(954, 2, 1, 'AMD Athlon 64 X2 Dual Core 5200+', 1382, NULL, NULL),
(955, 2, 1, 'Athlon 64 Dual Core 4800+', 1370, NULL, NULL),
(956, 2, 1, 'AMD Opteron 1216', 1352, NULL, NULL),
(957, 2, 1, 'AMD Athlon Dual Core 5050e', 1343, NULL, NULL),
(958, 2, 1, 'AMD Athlon Dual Core 5200B', 1334, NULL, NULL),
(959, 2, 1, 'Athlon Dual Core 4850e', 1327, NULL, NULL),
(960, 2, 1, 'AMD Athlon Dual Core 4850e', 1315, NULL, NULL),
(961, 2, 1, 'AMD Athlon 64 X2 Dual Core 5000+', 1313, NULL, NULL),
(962, 2, 1, 'AMD Opteron 1212 HE', 1308, NULL, NULL),
(963, 2, 1, 'AMD Athlon Dual Core 5600B', 1304, NULL, NULL),
(964, 2, 1, 'AMD Opteron 1214 HE', 1299, NULL, NULL),
(965, 2, 1, 'AMD Athlon Dual Core 5000B', 1298, NULL, NULL),
(966, 2, 1, 'AMD Opteron 1214', 1276, NULL, NULL),
(967, 2, 1, 'AMD Athlon 5000 Dual-Core', 1274, NULL, NULL),
(968, 2, 1, 'AMD Athlon 64 X2 Dual Core 4800+', 1263, NULL, NULL),
(969, 2, 1, 'AMD Athlon 64 X2 Dual Core 4600+', 1222, NULL, NULL),
(970, 2, 1, 'Dual-Core AMD Opteron 1220 SE', 1206, NULL, NULL),
(971, 2, 1, 'AMD Opteron 1216 HE', 1172, NULL, NULL),
(972, 2, 1, 'AMD Athlon Dual Core 4450B', 1168, NULL, NULL),
(973, 2, 1, 'AMD Athlon 64 X2 Dual Core 4400+', 1150, NULL, NULL),
(974, 2, 1, 'AMD Athlon 64 X2 Dual Core 4200+', 1099, NULL, NULL),
(975, 2, 1, 'AMD Athlon X2 Dual Core BE-2350', 1098, NULL, NULL),
(976, 2, 1, 'AMD Athlon Dual Core 4450e', 1097, NULL, NULL),
(977, 2, 1, 'AMD Athlon Dual Core 4050e', 1091, NULL, NULL),
(978, 2, 1, 'AMD Athlon 64 X2 Dual Core BE-2300', 1082, NULL, NULL),
(979, 2, 1, 'Athlon Dual Core 4450e', 1081, NULL, NULL),
(980, 2, 1, 'AMD Athlon 64 X2 Dual Core BE-2350', 1044, NULL, NULL),
(981, 2, 1, 'AMD Athlon 64 X2 Dual Core 4000+', 1040, NULL, NULL),
(982, 2, 1, 'AMD Opteron 1212', 1015, NULL, NULL),
(983, 2, 1, 'AMD Athlon 64 X2 Dual Core 3800+', 1003, NULL, NULL),
(984, 2, 1, 'AMD Opteron 1210 HE', 971, NULL, NULL),
(985, 2, 1, 'AMD Athlon 64 X2 Dual Core 3600+', 969, NULL, NULL),
(986, 2, 1, 'Athlon Dual Core 4050e', 968, NULL, NULL),
(987, 2, 1, 'AMD Athlon X2 Dual Core BE-2300', 963, NULL, NULL),
(988, 2, 1, 'AMD Opteron 1210', 923, NULL, NULL),
(989, 2, 1, 'AMD Athlon 64 FX-25', 794, NULL, NULL),
(990, 2, 1, 'AMD Sempron LE-1640', 759, NULL, NULL),
(991, 2, 1, 'AMD Sempron 130 AM2+', 731, NULL, NULL),
(992, 2, 1, 'AMD Athlon LE-1660', 682, NULL, NULL),
(993, 2, 1, 'AMD Athlon 1640B', 668, NULL, NULL),
(994, 2, 1, 'AMD Athlon II 170u AM2+', 627, NULL, NULL),
(995, 2, 1, 'AMD Athlon LE-1640', 622, NULL, NULL),
(996, 2, 1, 'AMD Sempron LE-1300', 620, NULL, NULL),
(997, 2, 1, 'AMD Athlon 64 4000+', 606, NULL, NULL),
(998, 2, 1, 'AMD Athlon 64 3800+', 587, NULL, NULL),
(999, 2, 1, 'AMD Athlon LE-1620', 571, NULL, NULL),
(1000, 2, 1, 'AMD Athlon LE-1600', 561, NULL, NULL),
(1001, 2, 1, 'AMD Sempron 3800+', 554, NULL, NULL),
(1002, 2, 1, 'AMD Athlon 64 3500+', 537, NULL, NULL),
(1003, 2, 1, 'AMD Sempron LE-1250', 537, NULL, NULL),
(1004, 2, 1, 'AMD Sempron LE-1200', 521, NULL, NULL),
(1005, 2, 1, 'AMD Athlon 2850e', 498, NULL, NULL),
(1006, 2, 1, 'AMD Athlon 64 3200+', 491, NULL, NULL),
(1007, 2, 1, 'AMD Sempron 3600+', 477, NULL, NULL),
(1008, 2, 1, 'AMD Athlon 3200+', 458, NULL, NULL),
(1009, 2, 1, 'AMD Sempron 3400+', 448, NULL, NULL),
(1010, 2, 1, 'AMD Sempron LE-1150', 435, NULL, NULL),
(1011, 2, 1, 'AMD Athlon XP 3200+', 432, NULL, NULL),
(1012, 2, 1, 'AMD Sempron LE-1100', 427, NULL, NULL),
(1013, 2, 1, 'AMD Sempron 3000+', 408, NULL, NULL),
(1014, 2, 1, 'AMD Sempron 3500+', 402, NULL, NULL),
(1015, 2, 1, 'AMD Sempron 3200+', 394, NULL, NULL),
(1016, 2, 1, 'AMD Sempron 2800+', 384, NULL, NULL),
(1017, 2, 1, 'AMD Athlon 7850 Dual-Core 2.8G', 288, NULL, NULL),
(1018, 2, 1, 'AMD Athlon II X4 651 Quad-Core', 3589, NULL, NULL),
(1019, 2, 1, 'AMD A8-3870K APU', 3587, NULL, NULL),
(1020, 2, 1, 'AMD A8-3850 APU', 3494, NULL, NULL),
(1021, 2, 1, 'AMD Athlon II X4 641 Quad-Core', 3400, NULL, NULL),
(1022, 2, 1, 'AMD A6-3670 APU', 3214, NULL, NULL),
(1023, 2, 1, 'AMD Athlon II X4 638 Quad-Core', 3198, NULL, NULL),
(1024, 2, 1, 'AMD A6-3650 APU', 3185, NULL, NULL),
(1025, 2, 1, 'AMD A8-3820 APU', 3166, NULL, NULL),
(1026, 2, 1, 'AMD Athlon II X4 631 Quad-Core', 3154, NULL, NULL),
(1027, 2, 1, 'AMD A8-3800 APU', 3096, NULL, NULL),
(1028, 2, 1, 'AMD A6-3620 APU', 2832, NULL, NULL),
(1029, 2, 1, 'AMD A6-3600 APU', 2732, NULL, NULL),
(1030, 2, 1, 'AMD A6-3500 APU', 2005, NULL, NULL),
(1031, 2, 1, 'AMD A4-3420 APU', 1685, NULL, NULL),
(1032, 2, 1, 'AMD A4-3400 APU', 1600, NULL, NULL),
(1033, 2, 1, 'AMD A4-3300 APU', 1509, NULL, NULL),
(1034, 2, 1, 'AMD E2-3200 APU', 1454, NULL, NULL),
(1035, 2, 1, 'AMD Sempron X2 198 Dual-Core', 1413, NULL, NULL),
(1036, 2, 1, 'AMD A4-3300M APU', 1194, NULL, NULL),
(1037, 2, 1, 'AMD Phenom II X940 Quad-Core', 2695, NULL, NULL),
(1038, 2, 1, 'AMD Phenom II N830 3+1', 2652, NULL, NULL),
(1039, 2, 1, 'AMD Phenom II X920 Quad-Core', 2638, NULL, NULL),
(1040, 2, 1, 'AMD Phenom II N970 Quad-Core', 2523, NULL, NULL),
(1041, 2, 1, 'AMD Phenom II N950 Quad-Core', 2500, NULL, NULL),
(1042, 2, 1, 'AMD Phenom II N930 Quad-Core', 2275, NULL, NULL),
(1043, 2, 1, 'AMD Phenom II X620 Dual-Core', 2189, NULL, NULL),
(1044, 2, 1, 'AMD Phenom II P960 Quad-Core', 2099, NULL, NULL),
(1045, 2, 1, 'AMD Phenom II X640 Dual-Core', 2021, NULL, NULL),
(1046, 2, 1, 'AMD Phenom II N850 Triple-Core', 1962, NULL, NULL),
(1047, 2, 1, 'AMD Phenom II N870 Triple-Core', 1955, NULL, NULL),
(1048, 2, 1, 'AMD Phenom II N830 Triple-Core', 1885, NULL, NULL),
(1049, 2, 1, 'AMD Phenom II P920 Quad-Core', 1880, NULL, NULL),
(1050, 2, 1, 'AMD Phenom II N660 Dual-Core', 1853, NULL, NULL),
(1051, 2, 1, 'AMD Phenom II P940 Quad-Core', 1777, NULL, NULL),
(1052, 2, 1, 'AMD Phenom II P860 Triple-Core', 1768, NULL, NULL),
(1053, 2, 1, 'AMD Phenom II N640 Dual-Core', 1733, NULL, NULL),
(1054, 2, 1, 'AMD Phenom II P840 Triple-Core', 1728, NULL, NULL),
(1055, 2, 1, 'AMD Phenom II N620 Dual-Core', 1675, NULL, NULL),
(1056, 2, 1, 'AMD Turion II Ultra Dual-Core Mobile M640', 1669, NULL, NULL),
(1057, 2, 1, 'AMD Phenom II P650 Dual-Core', 1601, NULL, NULL),
(1058, 2, 1, 'AMD Phenom II P820 Triple-Core', 1596, NULL, NULL),
(1059, 2, 1, 'AMD Turion II N530 Dual-Core', 1582, NULL, NULL),
(1060, 2, 1, 'AMD Athlon II N370 Dual-Core', 1559, NULL, NULL),
(1061, 2, 1, 'AMD Turion II Ultra Dual-Core Mobile M660', 1539, NULL, NULL),
(1062, 2, 1, 'AMD Turion II N550 Dual-Core', 1521, NULL, NULL),
(1063, 2, 1, 'AMD Turion II P560 Dual-Core', 1502, NULL, NULL),
(1064, 2, 1, 'AMD TurionX2 Ultra DualCore Mobile ZM-85', 1454, NULL, NULL),
(1065, 2, 1, 'AMD Turion II P540 Dual-Core', 1451, NULL, NULL),
(1066, 2, 1, 'AMD Turion II Ultra Dual-Core Mobile M620', 1418, NULL, NULL),
(1067, 2, 1, 'AMD Turion II Ultra Dual-Core Mobile M600', 1395, NULL, NULL),
(1068, 2, 1, 'AMD Turion II P520 Dual-Core', 1357, NULL, NULL),
(1069, 2, 1, 'AMD Turion X2 Ultra Dual-Core Mobile ZM-87', 1344, NULL, NULL),
(1070, 2, 1, 'AMD Turion II Dual-Core Mobile M500', 1308, NULL, NULL),
(1071, 2, 1, 'AMD Turion II Dual-Core Mobile M520', 1302, NULL, NULL),
(1072, 2, 1, 'AMD Turion II Dual-Core Mobile M540', 1295, NULL, NULL),
(1073, 2, 1, 'AMD Turion X2 Ultra Dual-Core Mobile ZM-86', 1279, NULL, NULL),
(1074, 2, 1, 'AMD Turion X2 Ultra Dual-Core Mobile ZM-85', 1232, NULL, NULL),
(1075, 2, 1, 'AMD Turion X2 Dual-Core Mobile RM-77', 1230, NULL, NULL),
(1076, 2, 1, 'AMD Turion X2 Ultra Dual-Core Mobile ZM-84', 1197, NULL, NULL),
(1077, 2, 1, 'AMD Turion X2 Dual-Core Mobile RM-75', 1148, NULL, NULL),
(1078, 2, 1, 'AMD Turion 64 X2 Mobile TL-68', 1130, NULL, NULL),
(1079, 2, 1, 'AMD Turion 64 X2 Mobile TL-64', 1124, NULL, NULL),
(1080, 2, 1, 'AMD Turion 64 X2 Mobile TL-66', 1122, NULL, NULL),
(1081, 2, 1, 'AMD TurionX2 Dual Core Mobile RM-72', 1112, NULL, NULL),
(1082, 2, 1, 'AMD Turion 64 X2 Mobile TL-62', 1093, NULL, NULL),
(1083, 2, 1, 'AMD Turion X2 Dual-Core Mobile RM-72', 1089, NULL, NULL),
(1084, 2, 1, 'AMD Turion X2 Ultra Dual-Core Mobile ZM-82', 1073, NULL, NULL),
(1085, 2, 1, 'AMD Turion X2 Dual-Core Mobile RM-74', 1064, NULL, NULL),
(1086, 2, 1, 'AMD Turion X2 Dual Core Mobile RM-76', 1047, NULL, NULL),
(1087, 2, 1, 'AMD Athlon 64 X2 QL-65', 1037, NULL, NULL),
(1088, 2, 1, 'AMD Athlon 64 X2 QL-62', 1024, NULL, NULL),
(1089, 2, 1, 'AMD Turion Dual-Core RM-74', 1016, NULL, NULL),
(1090, 2, 1, 'AMD Athlon 64 X2 QL-67', 1006, NULL, NULL),
(1091, 2, 1, 'AMD Turion X2 Ultra Dual-Core Mobile ZM-80', 996, NULL, NULL),
(1092, 2, 1, 'AMD Turion X2 Dual-Core Mobile RM-70', 994, NULL, NULL),
(1093, 2, 1, 'AMD Turion 64 X2 Mobile TL-60', 986, NULL, NULL),
(1094, 2, 1, 'AMD TurionX2 Dual Core Mobile RM-70', 979, NULL, NULL),
(1095, 2, 1, 'AMD Athlon 64 X2 QL-64', 974, NULL, NULL),
(1096, 2, 1, 'AMD Turion II Neo K625 Dual-Core', 973, NULL, NULL),
(1097, 2, 1, 'AMD Turion 64 X2 Mobile TL-58', 949, NULL, NULL),
(1098, 2, 1, 'AMD Athlon 64 X2 QL-66', 939, NULL, NULL),
(1099, 2, 1, 'AMD Turion X2 Dual Core Mobile RM-70', 939, NULL, NULL),
(1100, 2, 1, 'AMD Turion Dual-Core RM-75', 925, NULL, NULL),
(1101, 2, 1, 'AMD Athlon 64 X2 QL-60', 925, NULL, NULL),
(1102, 2, 1, 'AMD Turion Dual-Core RM-70', 895, NULL, NULL),
(1103, 2, 1, 'AMD Turion 64 X2 Mobile TL-56', 873, NULL, NULL),
(1104, 2, 1, 'AMD Turion Dual-Core RM-72', 815, NULL, NULL),
(1105, 2, 1, 'AMD Turion 64 X2 Mobile TL-52', 756, NULL, NULL),
(1106, 2, 1, 'AMD Turion 64 X2 Mobile TL-50', 754, NULL, NULL),
(1107, 2, 1, 'AMD V160', 683, NULL, NULL),
(1108, 2, 1, 'AMD V140', 639, NULL, NULL),
(1109, 2, 1, 'AMD V120', 633, NULL, NULL),
(1110, 2, 1, 'AMD Sempron M120', 578, NULL, NULL),
(1111, 2, 1, 'AMD Athlon II Neo K145', 545, NULL, NULL),
(1112, 2, 1, 'AMD Turion 64 Mobile MK-38', 505, NULL, NULL),
(1113, 2, 1, 'AMD Athlon II Neo K125', 470, NULL, NULL),
(1114, 2, 1, 'AMD Turion 64 Mobile MK-36', 463, NULL, NULL),
(1115, 2, 1, 'AMD Sempron SI-40', 449, NULL, NULL),
(1116, 2, 1, 'AMD Sempron SI-42', 449, NULL, NULL),
(1117, 2, 1, 'Mobile AMD Sempron 3600+', 431, NULL, NULL),
(1118, 2, 1, 'Mobile AMD Sempron 2100+', 252, NULL, NULL),
(1119, 2, 1, 'AMD A10-5750M APU', 3347, NULL, NULL),
(1120, 2, 1, 'AMD A10-4600M APU', 3108, NULL, NULL),
(1121, 2, 1, 'AMD A8-5550M APU', 2991, NULL, NULL),
(1122, 2, 1, 'AMD R-464L APU', 2976, NULL, NULL),
(1123, 2, 1, 'AMD Athlon 5370 APU', 2881, NULL, NULL),
(1124, 2, 1, 'AMD A8-4500M APU', 2653, NULL, NULL),
(1125, 2, 1, 'AMD A8-3550MX APU', 2629, NULL, NULL),
(1126, 2, 1, 'AMD Athlon 5350 APU with Radeon R3', 2569, NULL, NULL),
(1127, 2, 1, 'AMD A8-3510MX APU', 2394, NULL, NULL),
(1128, 2, 1, 'AMD A8-3530MX APU', 2368, NULL, NULL),
(1129, 2, 1, 'AMD A6-3430MX APU', 2213, NULL, NULL),
(1130, 2, 1, 'AMD A8-3520M APU', 2209, NULL, NULL),
(1131, 2, 1, 'AMD A6-3410MX APU', 2090, NULL, NULL),
(1132, 2, 1, 'AMD Athlon 5150 APU with Radeon R3', 2068, NULL, NULL),
(1133, 2, 1, 'AMD A6-3420M APU', 2027, NULL, NULL),
(1134, 2, 1, 'AMD A8-3500M APU', 1976, NULL, NULL),
(1135, 2, 1, 'AMD A6-3400M APU', 1904, NULL, NULL),
(1136, 2, 1, 'AMD A6-5350M APU', 1896, NULL, NULL),
(1137, 2, 1, 'AMD A4-5150M APU', 1847, NULL, NULL),
(1138, 2, 1, 'AMD Sempron 3850 APU with Radeon R3', 1690, NULL, NULL),
(1139, 2, 1, 'AMD A4-4300M APU', 1679, NULL, NULL),
(1140, 2, 1, 'AMD A6-4400M APU', 1621, NULL, NULL),
(1141, 2, 1, 'AMD A4-3310MX APU', 1324, NULL, NULL),
(1142, 2, 1, 'AMD A4-3320M APU', 1248, NULL, NULL),
(1143, 2, 1, 'AMD A4-3305M APU', 1229, NULL, NULL),
(1144, 2, 1, 'AMD A4-3330MX APU', 1217, NULL, NULL),
(1145, 2, 1, 'AMD E2-3000M APU', 1095, NULL, NULL),
(1146, 2, 1, 'AMD PRO A10-8850B', 5839, NULL, NULL),
(1147, 2, 1, 'AMD A10-7890K', 5766, NULL, NULL),
(1148, 2, 1, 'AMD PRO A10-8750B', 5653, NULL, NULL),
(1149, 2, 1, 'AMD Athlon X4 880K', 5639, NULL, NULL),
(1150, 2, 1, 'AMD A10 PRO-7850B APU', 5614, NULL, NULL),
(1151, 2, 1, 'AMD A10-7870K', 5516, NULL, NULL),
(1152, 2, 1, 'AMD A10-7850K APU', 5510, NULL, NULL),
(1153, 2, 1, 'AMD Athlon X4 860K', 5494, NULL, NULL),
(1154, 2, 1, 'AMD PRO A8-8650B', 5476, NULL, NULL),
(1155, 2, 1, 'AMD Athlon X4 845', 5463, NULL, NULL),
(1156, 2, 1, 'AMD A10 PRO-7800B APU', 5424, NULL, NULL),
(1157, 2, 1, 'AMD A8-8650', 5359, NULL, NULL),
(1158, 2, 1, 'AMD Athlon X4 870K', 5219, NULL, NULL),
(1159, 2, 1, 'AMD A10-7700K APU', 5181, NULL, NULL),
(1160, 2, 1, 'AMD A10-8750', 5173, NULL, NULL),
(1161, 2, 1, 'AMD A8-7600 APU', 5144, NULL, NULL),
(1162, 2, 1, 'AMD A10-7800 APU', 5081, NULL, NULL),
(1163, 2, 1, 'AMD A10-7860K', 5071, NULL, NULL),
(1164, 2, 1, 'AMD Athlon X4 840', 5043, NULL, NULL),
(1165, 2, 1, 'AMD A8-7670K', 5030, NULL, NULL),
(1166, 2, 1, 'AMD A10-6800B APU', 4990, NULL, NULL),
(1167, 2, 1, 'AMD A8-7650K', 4925, NULL, NULL),
(1168, 2, 1, 'AMD A10-6800K APU', 4895, NULL, NULL),
(1169, 2, 1, 'AMD FX-770K Quad-Core', 4872, NULL, NULL),
(1170, 2, 1, 'AMD A8 PRO-7600B APU', 4849, NULL, NULL),
(1171, 2, 1, 'AMD FirePro A320 APU', 4713, NULL, NULL),
(1172, 2, 1, 'AMD A10-6790K APU', 4652, NULL, NULL),
(1173, 2, 1, 'AMD A10-5800K APU', 4631, NULL, NULL),
(1174, 2, 1, 'AMD A10-5800B APU', 4612, NULL, NULL),
(1175, 2, 1, 'AMD A10-6700 APU', 4593, NULL, NULL),
(1176, 2, 1, 'AMD A8-6600K APU', 4574, NULL, NULL),
(1177, 2, 1, 'AMD Athlon X4 760K Quad Core', 4562, NULL, NULL),
(1178, 2, 1, 'AMD FX-670K Quad-Core', 4558, NULL, NULL),
(1179, 2, 1, 'AMD A8-6500B APU', 4543, NULL, NULL),
(1180, 2, 1, 'AMD Athlon X4 750 Quad Core', 4492, NULL, NULL),
(1181, 2, 1, 'AMD A8-6500 APU', 4389, NULL, NULL),
(1182, 2, 1, 'AMD A8-5600K APU', 4328, NULL, NULL),
(1183, 2, 1, 'AMD Athlon X4 750K Quad Core', 4227, NULL, NULL),
(1184, 2, 1, 'AMD A10-5700 APU', 4196, NULL, NULL),
(1185, 2, 1, 'AMD A8-5500 APU', 3982, NULL, NULL),
(1186, 2, 1, 'AMD Athlon X4 740 Quad Core', 3963, NULL, NULL),
(1187, 2, 1, 'AMD A8-5500B APU', 3808, NULL, NULL),
(1188, 2, 1, 'AMD A10-6700T APU', 3702, NULL, NULL),
(1189, 2, 1, 'AMD A8-6500T APU', 3330, NULL, NULL),
(1190, 2, 1, 'AMD A6-8550', 3104, NULL, NULL),
(1191, 2, 1, 'AMD PRO A6-8550B', 3042, NULL, NULL),
(1192, 2, 1, 'AMD A6 PRO-7400B', 2913, NULL, NULL),
(1193, 2, 1, 'AMD PRO A4-8350B', 2881, NULL, NULL),
(1194, 2, 1, 'AMD A6-7400K APU', 2795, NULL, NULL),
(1195, 2, 1, 'AMD A4 PRO-7350B', 2794, NULL, NULL),
(1196, 2, 1, 'AMD A6-7470K', 2744, NULL, NULL),
(1197, 2, 1, 'AMD A6-6420B APU', 2612, NULL, NULL),
(1198, 2, 1, 'AMD A6-6400B APU', 2377, NULL, NULL),
(1199, 2, 1, 'AMD A4-6320 APU', 2296, NULL, NULL),
(1200, 2, 1, 'AMD A6-6400K APU', 2290, NULL, NULL),
(1201, 2, 1, 'AMD A6-6420K APU', 2261, NULL, NULL),
(1202, 2, 1, 'AMD A4-7300 APU', 2241, NULL, NULL),
(1203, 2, 1, 'AMD A6-5400B APU', 2225, NULL, NULL),
(1204, 2, 1, 'AMD A4-6300 APU', 2224, NULL, NULL),
(1205, 2, 1, 'AMD A6-5400K APU', 2134, NULL, NULL),
(1206, 2, 1, 'AMD A4-5300B APU', 2017, NULL, NULL),
(1207, 2, 1, 'AMD A4-5300 APU', 1987, NULL, NULL),
(1208, 2, 1, 'AMD A4-4000 APU', 1798, NULL, NULL),
(1209, 2, 1, 'AMD A4-4020 APU', 1778, NULL, NULL),
(1210, 2, 1, 'AMD Opteron 6380', 10082, NULL, NULL),
(1211, 2, 1, 'AMD Opteron 6287 SE', 9595, NULL, NULL),
(1212, 2, 1, 'AMD Opteron 6376', 9414, NULL, NULL),
(1213, 2, 1, 'AMD Opteron 6276', 9011, NULL, NULL),
(1214, 2, 1, 'AMD Opteron 6238', 7316, NULL, NULL),
(1215, 2, 1, 'AMD Opteron 6272', 6748, NULL, NULL),
(1216, 2, 1, 'AMD Opteron 6174', 6412, NULL, NULL),
(1217, 2, 1, 'AMD Opteron 6234', 5979, NULL, NULL),
(1218, 2, 1, 'AMD Opteron 6212', 5776, NULL, NULL),
(1219, 2, 1, 'AMD Opteron 6164 HE', 5351, NULL, NULL),
(1220, 2, 1, 'AMD Opteron 6274', 4865, NULL, NULL),
(1221, 2, 1, 'AMD Opteron 6128', 4742, NULL, NULL),
(1222, 2, 1, 'AMD Opteron 6136', 4631, NULL, NULL),
(1223, 2, 1, 'AMD Opteron 6134', 2938, NULL, NULL),
(1224, 2, 1, 'AMD Opteron 6378', 2152, NULL, NULL);

-- --------------------------------------------------------

--
-- Структура таблицы `product_attribute`
--

CREATE TABLE `product_attribute` (
  `id` int(11) NOT NULL,
  `product_id` int(11) DEFAULT NULL,
  `attribute_id` int(11) DEFAULT NULL,
  `value` varchar(255) COLLATE utf8_unicode_ci NOT NULL,
  `max_value` int(11) DEFAULT NULL,
  `max_number` int(11) DEFAULT NULL,
  `is_required` tinyint(1) DEFAULT NULL,
  `is_required_choice` tinyint(1) DEFAULT NULL
) ENGINE=InnoDB DEFAULT CHARSET=utf8 COLLATE=utf8_unicode_ci;

-- --------------------------------------------------------

--
-- Структура таблицы `product_type`
--

CREATE TABLE `product_type` (
  `id` int(11) NOT NULL,
  `name` varchar(255) COLLATE utf8_unicode_ci NOT NULL,
  `code` varchar(255) COLLATE utf8_unicode_ci NOT NULL
) ENGINE=InnoDB DEFAULT CHARSET=utf8 COLLATE=utf8_unicode_ci;

--
-- Дамп данных таблицы `product_type`
--

INSERT INTO `product_type` (`id`, `name`, `code`) VALUES
(1, 'Процессор', 'cpu'),
(2, 'Материнская плата', 'motherboard'),
(3, 'Оперативная память', 'ram'),
(4, 'Жесткий диск', 'hdd'),
(5, 'Видеокарта', 'videocard');

-- --------------------------------------------------------

--
-- Структура таблицы `vendor`
--

CREATE TABLE `vendor` (
  `id` int(11) NOT NULL,
  `name` varchar(255) COLLATE utf8_unicode_ci NOT NULL
) ENGINE=InnoDB DEFAULT CHARSET=utf8 COLLATE=utf8_unicode_ci;

--
-- Дамп данных таблицы `vendor`
--

INSERT INTO `vendor` (`id`, `name`) VALUES
(2, 'AMD'),
(1, 'Intel');

--
-- Индексы сохранённых таблиц
--

--
-- Индексы таблицы `atrribute`
--
ALTER TABLE `atrribute`
  ADD PRIMARY KEY (`id`),
  ADD UNIQUE KEY `UNIQ_99AADAC177153098` (`code`);

--
-- Индексы таблицы `attribute_types`
--
ALTER TABLE `attribute_types`
  ADD PRIMARY KEY (`attribute_id`,`product_type_id`),
  ADD KEY `IDX_BA086A86B6E62EFA` (`attribute_id`),
  ADD KEY `IDX_BA086A8614959723` (`product_type_id`);

--
-- Индексы таблицы `attribute_value`
--
ALTER TABLE `attribute_value`
  ADD PRIMARY KEY (`id`),
  ADD KEY `IDX_FE4FBB82B6E62EFA` (`attribute_id`);

--
-- Индексы таблицы `product`
--
ALTER TABLE `product`
  ADD PRIMARY KEY (`id`),
  ADD UNIQUE KEY `UNIQ_D34A04AD5E237E06` (`name`),
  ADD KEY `IDX_D34A04ADF603EE73` (`vendor_id`),
  ADD KEY `IDX_D34A04ADC54C8C93` (`type_id`);

--
-- Индексы таблицы `product_attribute`
--
ALTER TABLE `product_attribute`
  ADD PRIMARY KEY (`id`),
  ADD KEY `IDX_94DA59764584665A` (`product_id`),
  ADD KEY `IDX_94DA5976B6E62EFA` (`attribute_id`);

--
-- Индексы таблицы `product_type`
--
ALTER TABLE `product_type`
  ADD PRIMARY KEY (`id`),
  ADD UNIQUE KEY `UNIQ_13675885E237E06` (`name`),
  ADD UNIQUE KEY `UNIQ_136758877153098` (`code`);

--
-- Индексы таблицы `vendor`
--
ALTER TABLE `vendor`
  ADD PRIMARY KEY (`id`),
  ADD UNIQUE KEY `UNIQ_F52233F65E237E06` (`name`);

--
-- AUTO_INCREMENT для сохранённых таблиц
--

--
-- AUTO_INCREMENT для таблицы `atrribute`
--
ALTER TABLE `atrribute`
  MODIFY `id` int(11) NOT NULL AUTO_INCREMENT, AUTO_INCREMENT=10;
--
-- AUTO_INCREMENT для таблицы `attribute_value`
--
ALTER TABLE `attribute_value`
  MODIFY `id` int(11) NOT NULL AUTO_INCREMENT, AUTO_INCREMENT=200;
--
-- AUTO_INCREMENT для таблицы `product`
--
ALTER TABLE `product`
  MODIFY `id` int(11) NOT NULL AUTO_INCREMENT, AUTO_INCREMENT=1225;
--
-- AUTO_INCREMENT для таблицы `product_attribute`
--
ALTER TABLE `product_attribute`
  MODIFY `id` int(11) NOT NULL AUTO_INCREMENT;
--
-- AUTO_INCREMENT для таблицы `product_type`
--
ALTER TABLE `product_type`
  MODIFY `id` int(11) NOT NULL AUTO_INCREMENT, AUTO_INCREMENT=6;
--
-- AUTO_INCREMENT для таблицы `vendor`
--
ALTER TABLE `vendor`
  MODIFY `id` int(11) NOT NULL AUTO_INCREMENT, AUTO_INCREMENT=3;
--
-- Ограничения внешнего ключа сохраненных таблиц
--

--
-- Ограничения внешнего ключа таблицы `attribute_types`
--
ALTER TABLE `attribute_types`
  ADD CONSTRAINT `FK_BA086A8614959723` FOREIGN KEY (`product_type_id`) REFERENCES `product_type` (`id`) ON DELETE CASCADE,
  ADD CONSTRAINT `FK_BA086A86B6E62EFA` FOREIGN KEY (`attribute_id`) REFERENCES `atrribute` (`id`) ON DELETE CASCADE;

--
-- Ограничения внешнего ключа таблицы `attribute_value`
--
ALTER TABLE `attribute_value`
  ADD CONSTRAINT `FK_FE4FBB82B6E62EFA` FOREIGN KEY (`attribute_id`) REFERENCES `atrribute` (`id`);

--
-- Ограничения внешнего ключа таблицы `product`
--
ALTER TABLE `product`
  ADD CONSTRAINT `FK_D34A04ADC54C8C93` FOREIGN KEY (`type_id`) REFERENCES `product_type` (`id`),
  ADD CONSTRAINT `FK_D34A04ADF603EE73` FOREIGN KEY (`vendor_id`) REFERENCES `vendor` (`id`);

--
-- Ограничения внешнего ключа таблицы `product_attribute`
--
ALTER TABLE `product_attribute`
  ADD CONSTRAINT `FK_94DA59764584665A` FOREIGN KEY (`product_id`) REFERENCES `product` (`id`),
  ADD CONSTRAINT `FK_94DA5976B6E62EFA` FOREIGN KEY (`attribute_id`) REFERENCES `atrribute` (`id`);

/*!40101 SET CHARACTER_SET_CLIENT=@OLD_CHARACTER_SET_CLIENT */;
/*!40101 SET CHARACTER_SET_RESULTS=@OLD_CHARACTER_SET_RESULTS */;
/*!40101 SET COLLATION_CONNECTION=@OLD_COLLATION_CONNECTION */;
